customer_id,customer_name,email,signup_date,country,age,membership_tier
CUST00001,Riya Gupta,riya.gupta1@example.com,2019-04-13,Canada,38.0,Bronze
CUST00002,Diya Gupta,diya.gupta2@example.com,2025-02-11,USA,22.0,Silver
CUST00003,Vivaan Sharma,vivaan.sharma3@example.com,2020-01-19,Germany,44.0,Bronze
CUST00004,Dev Sharma,dev.sharma4@example.com,2025-04-17,Germany,46.0,Gold
CUST00005,Kavya Malhotra,kavya.malhotra5@mail.com,2023-09-15,Germany,16.0,Silver
CUST00006,Neha Sharma,neha.sharma6@example.com,2020-10-15,UAE,19.0,Bronze
CUST00007,Diya Iyer,diya.iyer7@example.com,2022-10-10,USA,36.0,Bronze
CUST00008,Ananya Chopra,ananya.chopra8@example.com,2022-11-09,Japan,31.0,Bronze
CUST00009,Vivaan Pillai,vivaan.pillai9@example.com,2025-01-05,USA,34.0,Platinum
CUST00010,Sana Patel,sana.patel10@mail.com,2025-03-11,Canada,24.0,Gold
CUST00011,Dev Chopra,dev.chopra11@example.com,2025-06-22,Germany,45.0,Gold
CUST00012,Vivaan Reddy,vivaan.reddy12@example.com,2022-03-31,USA,44.0,Gold
CUST00013,Simran Gupta,simran.gupta13@example.com,2023-04-06,Canada,35.0,Silver
CUST00014,Rahul Chopra,rahul.chopra14@example.com,2020-10-28,Australia,48.0,Bronze
CUST00015,Arjun Nair,arjun.nair15@mail.com,2019-10-20,Japan,40.0,Silver
CUST00016,Zara Reddy,zara.reddy16@example.com,2020-10-31,Singapore,24.0,Bronze
CUST00017,  VARUN MALHOTRA  ,varun.malhotra17@example.com,2021-06-18,Australia,39.0,Gold
CUST00018,Nisha Verma,nisha.verma18@example.com,2021-07-27,India,23.0,Gold
CUST00019,Sana Nair,sana.nair19@example.com,2019-09-29,Germany,45.0,Platinum
CUST00020,Aisha Mehta,aisha.mehta20@mail.com,2021-05-20,Singapore,34.0,Bronze
CUST00021,Varun Pillai,varun.pillai21@example.com,2020-08-08,Canada,32.0,Bronze
CUST00022,Manav Malhotra,manav.malhotra22@example.com,2025-01-16,Canada,26.0,Gold
CUST00023,tara shah,tara.shah23@example.com,2023-06-24,Australia,49.0,Bronze
CUST00024,Diya Kapoor,diya.kapoor24@example.com,2024-07-14,USA,33.0,Gold
CUST00025,Simran Gupta,simran.gupta25@mail.com,2020-09-18,UK,29.0,Gold
CUST00026,Tara Menon,tara.menon26@example.com,2019-09-18,UAE,30.0,Bronze
CUST00027,Uday Kapoor,uday.kapoor27@example.com,2021-10-26,France,41.0,Gold
CUST00028,Aarav Gupta,aarav.gupta28@example.com,2025-01-08,Canada,39.0,Gold
CUST00029,Priya Gupta,priya.gupta29@example.com,2022-04-17,UAE,39.0,Bronze
CUST00030,Aarav Nair,aarav.nair30@mail.com,2024-08-12,UK,40.0,Silver
CUST00031,Ananya Joshi,ananya.joshi31@example.com,2024-09-10,Japan,60.0,Bronze
CUST00032,Rohan Deshmukh,rohan.deshmukh32@example.com,2025-01-18,France,30.0,Platinum
CUST00033,Dev Mehta,dev.mehta33@example.com,2024-06-24,India,28.0,Bronze
CUST00034,  ROHAN JOSHI  ,rohan.joshi34@example.com,2021-09-07,India,25.0,Bronze
CUST00035,Aisha Patel,aisha.patel35@mail.com,2019-12-17,Singapore,42.0,Gold
CUST00036,Nisha Malhotra,nisha.malhotra36@example.com,2020-05-30,UK,48.0,Silver
CUST00037,Zara Deshmukh,zara.deshmukh37@example.com,2021-12-21,France,33.0,Gold
CUST00038,Tara Iyer,tara.iyer38@example.com,2025-01-17,Germany,24.0,Gold
CUST00039,Sana Chopra,sana.chopra39@example.com,2023-11-30,France,25.0,Silver
CUST00040,Meera Reddy,meera.reddy40@mail.com,2019-09-20,Australia,42.0,Bronze
CUST00041,Zara Reddy,zara.reddy41@example.com,2025-08-07,Germany,43.0,Bronze
CUST00042,Kavya Verma,kavya.verma42@example.com,2021-07-26,USA,41.0,Platinum
CUST00043,Simran Mehta,simran.mehta43@example.com,2019-10-18,France,27.0,Bronze
CUST00044,Arjun Bose,arjun.bose44@example.com,2021-05-27,France,37.0,Bronze
CUST00045,Varun Shah,varun.shah45@mail.com,2025-06-18,Singapore,36.0,Bronze
CUST00046,vikram rao,vikram.rao46@example.com,2021-02-18,USA,37.0,Bronze
CUST00047,Tara Chopra,tara.chopra47@example.com,2023-10-01,UAE,45.0,Silver
CUST00048,Manav Verma,manav.verma48@example.com,2020-02-08,India,37.0,Silver
CUST00049,Priya Gupta,priya.gupta49@example.com,2021-10-15,Germany,43.0,Bronze
CUST00050,Uday Kulkarni,uday.kulkarni50@mail.com,2023-09-25,UK,35.0,Bronze
CUST00051,  MEERA PATEL  ,meera.patel51@example.com,2023-12-21,France,38.0,Bronze
CUST00052,Riya Malhotra,riya.malhotra52@example.com,2019-03-02,USA,42.0,Platinum
CUST00053,Simran Reddy,simran.reddy53@example.com,2020-11-12,UAE,17.0,Silver
CUST00054,Kabir Singh,kabir.singh54@example.com,2019-08-29,UK,31.0,Bronze
CUST00055,Sana Nair,sana.nair55@mail.com,2024-02-07,Canada,29.0,Silver
CUST00056,Manav Malhotra,manav.malhotra56@example.com,2024-06-16,UK,27.0,Bronze
CUST00057,Kabir Verma,kabir.verma57@example.com,2025-06-30,France,31.0,Bronze
CUST00058,Priya Verma,priya.verma58@example.com,2019-07-25,Japan,52.0,Silver
CUST00059,Varun Kapoor,varun.kapoor59@example.com,2020-10-06,India,24.0,Platinum
CUST00060,Aditya Deshmukh,aditya.deshmukh60@mail.com,2019-10-08,Japan,46.0,Bronze
CUST00061,Simran Reddy,simran.reddy61@example.com,2023-07-12,USA,16.0,Platinum
CUST00062,Aisha Reddy,aisha.reddy62@example.com,2025-06-29,Japan,30.0,Bronze
CUST00063,Aditya Rao,aditya.rao63@example.com,2025-07-18,Japan,36.0,Silver
CUST00064,Varun Nair,varun.nair64@example.com,2021-04-16,Australia,42.0,Bronze
CUST00065,Sana Kulkarni,sana.kulkarni65@mail.com,2022-05-13,Singapore,43.0,Bronze
CUST00066,Nisha Patel,,2019-02-08,,,
CUST00067,Aisha Gupta,aisha.gupta67@example.com,2019-10-28,France,30.0,Bronze
CUST00068,  NEHA KULKARNI  ,neha.kulkarni68@example.com,2022-11-30,USA,29.0,Gold
CUST00069,rohan joshi,rohan.joshi69@example.com,2020-10-08,Singapore,45.0,Gold
CUST00070,Kavya Joshi,kavya.joshi70@mail.com,2025-11-10,France,32.0,Bronze
CUST00071,Rahul Malhotra,rahul.malhotra71@example.com,2022-05-11,USA,19.0,Platinum
CUST00072,Diya Nair,diya.nair72@example.com,2020-04-17,USA,21.0,Gold
CUST00073,Diya Nair,diya.nair73@example.com,2022-02-28,Japan,23.0,Bronze
CUST00074,Priya Iyer,priya.iyer74@example.com,2021-12-17,France,40.0,Silver
CUST00075,Tanvi Verma,tanvi.verma75@mail.com,2020-01-14,UAE,36.0,Gold
CUST00076,Vivaan Sharma,vivaan.sharma76@example.com,2022-09-28,UK,43.0,Silver
CUST00077,Neha Deshmukh,neha.deshmukh77@example.com,2023-12-15,France,29.0,Gold
CUST00078,Zara Sharma,zara.sharma78@example.com,2020-04-03,USA,36.0,Platinum
CUST00079,Kavya Kulkarni,kavya.kulkarni79@example.com,2025-02-12,India,42.0,Gold
CUST00080,Aisha Malhotra,aisha.malhotra80@mail.com,2020-08-29,UAE,31.0,Bronze
CUST00081,Om Chopra,om.chopra81@example.com,2019-06-13,Australia,40.0,Bronze
CUST00082,Meera Gupta,meera.gupta82@example.com,2022-12-19,France,27.0,Gold
CUST00083,Tara Menon,tara.menon83@example.com,2020-09-25,Germany,30.0,Gold
CUST00084,Pooja Deshmukh,pooja.deshmukh84@example.com,2023-08-16,India,30.0,Bronze
CUST00085,  VARUN MEHTA  ,varun.mehta85@mail.com,2023-08-14,Germany,20.0,Bronze
CUST00086,Pooja Gupta,pooja.gupta86@example.com,2023-04-16,India,40.0,Gold
CUST00087,Meera Iyer,meera.iyer87@example.com,2024-02-29,Australia,29.0,Bronze
CUST00088,Pooja Reddy,pooja.reddy88@example.com,2021-07-02,India,35.0,Silver
CUST00089,Sana Mehta,sana.mehta89@example.com,2022-02-15,USA,40.0,Platinum
CUST00090,Neha Chopra,neha.chopra90@mail.com,2024-09-17,UAE,40.0,Silver
CUST00091,Rahul Malhotra,rahul.malhotra91@example.com,2022-09-18,India,42.0,Bronze
CUST00092,neha deshmukh,neha.deshmukh92@example.com,2025-07-06,Canada,33.0,Bronze
CUST00093,Dev Rao,dev.rao93@example.com,2022-11-16,Australia,29.0,Silver
CUST00094,Yash Gupta,yash.gupta94@example.com,2023-04-27,Japan,34.0,Bronze
CUST00095,Vivaan Rao,vivaan.rao95@mail.com,2019-01-07,France,16.0,Platinum
CUST00096,Zara Iyer,zara.iyer96@example.com,2023-01-31,UAE,17.0,Bronze
CUST00097,Arjun Mehta,arjun.mehta97@example.com,2025-12-27,Australia,19.0,Silver
CUST00098,Ananya Joshi,ananya.joshi98@example.com,2024-09-08,Canada,23.0,Silver
CUST00099,Priya Singh,priya.singh99@example.com,2022-04-26,France,39.0,Bronze
CUST00100,Tara Singh,tara.singh100@mail.com,2020-12-13,Japan,24.0,Silver
CUST00101,Sana Malhotra,sana.malhotra101@example.com,2019-01-02,Canada,30.0,Bronze
CUST00102,  TARA SHAH  ,tara.shah102@example.com,2025-10-20,Australia,50.0,Silver
CUST00103,Uday Iyer,uday.iyer103@example.com,2024-09-24,Singapore,30.0,Gold
CUST00104,Pooja Deshmukh,pooja.deshmukh104@example.com,2019-12-14,Canada,43.0,Silver
CUST00105,Riya Menon,riya.menon105@mail.com,2022-10-04,USA,23.0,Gold
CUST00106,Nisha Reddy,nisha.reddy106@example.com,2022-06-25,Germany,32.0,Gold
CUST00107,Diya Sharma,diya.sharma107@example.com,2019-07-09,Germany,23.0,Platinum
CUST00108,Dev Patel,dev.patel108@example.com,2024-02-09,UAE,30.0,Gold
CUST00109,Aisha Iyer,aisha.iyer109@example.com,2023-04-22,Singapore,45.0,Bronze
CUST00110,Diya Sharma,diya.sharma110@mail.com,2020-03-12,UAE,16.0,Bronze
CUST00111,Pooja Kapoor,pooja.kapoor111@example.com,2024-03-17,India,40.0,Silver
CUST00112,Varun Gupta,varun.gupta112@example.com,2024-02-13,UK,37.0,Gold
CUST00113,Arjun Kapoor,arjun.kapoor113@example.com,2025-04-08,Japan,27.0,Bronze
CUST00114,Nisha Pillai,nisha.pillai114@example.com,2025-11-14,France,17.0,Silver
CUST00115,varun malhotra,varun.malhotra115@mail.com,2024-01-01,UK,35.0,Gold
CUST00116,Vikram Pillai,vikram.pillai116@example.com,2021-11-27,Germany,28.0,Gold
CUST00117,Neha Kapoor,neha.kapoor117@example.com,2024-06-07,Germany,37.0,Bronze
CUST00118,Aditya Joshi,aditya.joshi118@example.com,2021-08-18,Canada,35.0,Bronze
CUST00119,  TANVI MALHOTRA  ,tanvi.malhotra119@example.com,2019-11-27,UK,54.0,Bronze
CUST00120,Sana Kulkarni,sana.kulkarni120@mail.com,2021-05-26,USA,32.0,Silver
CUST00121,Priya Malhotra,priya.malhotra121@example.com,2024-03-23,UAE,22.0,Bronze
CUST00122,Rahul Rao,rahul.rao122@example.com,2023-05-15,Japan,37.0,Platinum
CUST00123,Aarav Shah,aarav.shah123@example.com,2023-04-08,Singapore,37.0,Bronze
CUST00124,Rohan Joshi,rohan.joshi124@example.com,2023-05-17,UAE,51.0,Silver
CUST00125,Manav Malhotra,manav.malhotra125@mail.com,2025-10-06,Germany,45.0,Silver
CUST00126,Neha Rao,neha.rao126@example.com,2024-06-12,India,39.0,Bronze
CUST00127,Arjun Singh,arjun.singh127@example.com,2020-11-07,Singapore,52.0,Platinum
CUST00128,Dev Malhotra,dev.malhotra128@example.com,2019-04-21,UAE,20.0,Silver
CUST00129,Arjun Sharma,arjun.sharma129@example.com,2019-12-10,UAE,27.0,Bronze
CUST00130,Uday Deshmukh,uday.deshmukh130@mail.com,2019-07-25,Canada,23.0,Bronze
CUST00131,Kabir Pillai,kabir.pillai131@example.com,2022-08-31,Australia,30.0,Gold
CUST00132,Sana Nair,sana.nair132@example.com,2023-09-23,Canada,18.0,Gold
CUST00133,Vikram Sharma,vikram.sharma133@example.com,2025-01-18,India,42.0,Platinum
CUST00134,Rohan Reddy,rohan.reddy134@example.com,2019-10-09,India,32.0,Gold
CUST00135,Meera Iyer,meera.iyer135@mail.com,2019-03-25,Japan,17.0,Bronze
CUST00136,  DIYA BOSE  ,,2020-04-13,,,
CUST00137,Uday Nair,uday.nair137@example.com,2023-02-19,UK,38.0,Silver
CUST00138,manav gupta,manav.gupta138@example.com,2020-11-01,Canada,45.0,Bronze
CUST00139,Aarav Joshi,aarav.joshi139@example.com,2025-06-16,UAE,58.0,Bronze
CUST00140,Kavya Iyer,kavya.iyer140@mail.com,2019-11-08,Japan,69.0,Silver
CUST00141,Riya Reddy,riya.reddy141@example.com,2020-02-22,Canada,39.0,Gold
CUST00142,Dev Gupta,dev.gupta142@example.com,2025-05-07,India,23.0,Bronze
CUST00143,Tara Chopra,tara.chopra143@example.com,2019-10-10,France,16.0,Silver
CUST00144,Aarav Rao,aarav.rao144@example.com,2024-06-30,USA,38.0,Silver
CUST00145,Rohan Pillai,rohan.pillai145@mail.com,2020-09-18,UAE,25.0,Bronze
CUST00146,Yash Nair,yash.nair146@example.com,2025-11-27,France,30.0,Gold
CUST00147,Uday Rao,uday.rao147@example.com,2025-08-23,Canada,27.0,Bronze
CUST00148,Meera Patel,meera.patel148@example.com,2022-02-16,Singapore,33.0,Bronze
CUST00149,Uday Shah,uday.shah149@example.com,2025-11-04,UAE,47.0,Bronze
CUST00150,Vikram Mehta,vikram.mehta150@mail.com,2021-01-14,Singapore,36.0,Bronze
CUST00151,Pooja Nair,pooja.nair151@example.com,2022-10-26,Canada,33.0,Gold
CUST00152,Kavya Nair,kavya.nair152@example.com,2025-03-26,India,22.0,Silver
CUST00153,  KABIR PATEL  ,kabir.patel153@example.com,2021-09-15,UAE,16.0,Silver
CUST00154,Nisha Reddy,nisha.reddy154@example.com,2024-05-04,Singapore,29.0,Silver
CUST00155,Aarav Patel,aarav.patel155@mail.com,2022-04-20,Germany,34.0,Silver
CUST00156,Meera Joshi,meera.joshi156@example.com,2025-07-10,Australia,56.0,Silver
CUST00157,Yash Chopra,yash.chopra157@example.com,2023-10-09,France,36.0,Bronze
CUST00158,Kavya Pillai,kavya.pillai158@example.com,2022-01-14,Canada,46.0,Bronze
CUST00159,Ananya Iyer,ananya.iyer159@example.com,2022-07-16,USA,29.0,Gold
CUST00160,Nisha Deshmukh,nisha.deshmukh160@mail.com,2021-02-23,Germany,20.0,Gold
CUST00161,neha shah,neha.shah161@example.com,2024-11-18,Japan,23.0,Bronze
CUST00162,Ananya Iyer,ananya.iyer162@example.com,2022-04-28,Germany,26.0,Bronze
CUST00163,Om Sharma,om.sharma163@example.com,2024-12-27,UK,60.0,Bronze
CUST00164,Vivaan Malhotra,vivaan.malhotra164@example.com,2022-04-11,UK,25.0,Silver
CUST00165,Nisha Bose,nisha.bose165@mail.com,2020-02-25,India,45.0,Silver
CUST00166,Vikram Bose,vikram.bose166@example.com,2023-12-10,Australia,24.0,Bronze
CUST00167,Vivaan Nair,vivaan.nair167@example.com,2024-05-10,USA,46.0,Gold
CUST00168,Sana Bose,sana.bose168@example.com,2019-10-31,Japan,39.0,Silver
CUST00169,Vivaan Kulkarni,vivaan.kulkarni169@example.com,2020-09-03,Japan,33.0,Platinum
CUST00170,  ADITYA REDDY  ,aditya.reddy170@mail.com,2020-04-30,France,34.0,Gold
CUST00171,Dev Menon,dev.menon171@example.com,2025-12-08,Germany,27.0,Gold
CUST00172,Sana Pillai,sana.pillai172@example.com,2023-12-19,Canada,40.0,Gold
CUST00173,Tara Joshi,tara.joshi173@example.com,2025-05-18,Japan,29.0,Bronze
CUST00174,Manav Gupta,manav.gupta174@example.com,2021-05-01,Germany,20.0,Bronze
CUST00175,Aditya Deshmukh,aditya.deshmukh175@mail.com,2021-09-09,UK,19.0,Silver
CUST00176,Ishaan Sharma,ishaan.sharma176@example.com,2023-08-01,Singapore,37.0,Silver
CUST00177,Vikram Joshi,vikram.joshi177@example.com,2019-05-14,Germany,53.0,Bronze
CUST00178,Om Pillai,om.pillai178@example.com,2019-10-19,Germany,36.0,Platinum
CUST00179,Pooja Shah,pooja.shah179@example.com,2021-03-21,UAE,33.0,Bronze
CUST00180,Meera Kulkarni,meera.kulkarni180@mail.com,2021-12-24,UK,38.0,Bronze
CUST00181,Ishaan Joshi,ishaan.joshi181@example.com,2025-09-03,Japan,50.0,Platinum
CUST00182,Uday Gupta,uday.gupta182@example.com,2024-04-03,Canada,37.0,Silver
CUST00183,Neha Kapoor,neha.kapoor183@example.com,2025-01-20,Singapore,30.0,Silver
CUST00184,dev verma,dev.verma184@example.com,2023-11-05,Australia,48.0,Silver
CUST00185,Aarav Patel,aarav.patel185@mail.com,2021-07-26,Japan,40.0,Silver
CUST00186,Aarav Nair,aarav.nair186@example.com,2025-06-18,India,53.0,Gold
CUST00187,  ISHAAN BOSE  ,ishaan.bose187@example.com,2024-10-26,Singapore,37.0,Platinum
CUST00188,Ishaan Shah,ishaan.shah188@example.com,2023-11-21,Singapore,20.0,Platinum
CUST00189,Vikram Chopra,vikram.chopra189@example.com,2023-07-31,Australia,18.0,Bronze
CUST00190,Ananya Deshmukh,,2022-09-12,,,
CUST00191,Om Singh,,2025-03-03,,,
CUST00192,Priya Nair,priya.nair192@example.com,2022-08-17,USA,32.0,Platinum
CUST00193,Sana Kapoor,sana.kapoor193@example.com,2019-01-05,France,30.0,Silver
CUST00194,Vivaan Iyer,vivaan.iyer194@example.com,2024-10-24,Australia,52.0,Silver
CUST00195,Vikram Pillai,vikram.pillai195@mail.com,2019-07-31,Germany,21.0,Bronze
CUST00196,Diya Joshi,diya.joshi196@example.com,2023-11-30,Singapore,24.0,Bronze
CUST00197,Riya Menon,riya.menon197@example.com,2021-09-07,UK,42.0,Bronze
CUST00198,Aarav Malhotra,aarav.malhotra198@example.com,2023-07-30,USA,30.0,Bronze
CUST00199,Rahul Gupta,,2024-03-05,,,
CUST00200,Diya Bose,diya.bose200@mail.com,2022-04-10,France,33.0,Gold
CUST00201,Tara Bose,tara.bose201@example.com,2024-04-18,Germany,39.0,Silver
CUST00202,Diya Singh,diya.singh202@example.com,2021-02-19,Japan,51.0,Silver
CUST00203,Tanvi Kulkarni,tanvi.kulkarni203@example.com,2019-10-13,Canada,36.0,Gold
CUST00204,  SIMRAN RAO  ,simran.rao204@example.com,2022-10-24,France,42.0,Bronze
CUST00205,Aarav Joshi,aarav.joshi205@mail.com,2022-05-07,Japan,16.0,Silver
CUST00206,Arjun Bose,arjun.bose206@example.com,2020-08-31,Singapore,34.0,Silver
CUST00207,rohan mehta,rohan.mehta207@example.com,2025-03-10,France,24.0,Bronze
CUST00208,Varun Mehta,varun.mehta208@example.com,2021-02-11,Germany,20.0,Silver
CUST00209,Meera Rao,meera.rao209@example.com,2019-06-28,Australia,24.0,Gold
CUST00210,Kavya Singh,kavya.singh210@mail.com,2023-05-01,UK,30.0,Silver
CUST00211,Vivaan Kulkarni,vivaan.kulkarni211@example.com,2024-08-19,Japan,45.0,Bronze
CUST00212,Ananya Pillai,,2020-02-13,,,
CUST00213,Aarav Kulkarni,aarav.kulkarni213@example.com,2023-08-07,UK,35.0,Bronze
CUST00214,Pooja Nair,pooja.nair214@example.com,2022-10-18,Japan,29.0,Silver
CUST00215,Riya Patel,riya.patel215@mail.com,2022-09-07,France,31.0,Bronze
CUST00216,Priya Bose,priya.bose216@example.com,2025-01-25,India,47.0,Silver
CUST00217,Meera Joshi,meera.joshi217@example.com,2021-07-20,USA,41.0,Silver
CUST00218,Ananya Gupta,ananya.gupta218@example.com,2023-12-23,UK,51.0,Silver
CUST00219,Tanvi Sharma,tanvi.sharma219@example.com,2019-07-08,Australia,33.0,Gold
CUST00220,Om Chopra,om.chopra220@mail.com,2023-03-16,UAE,26.0,Bronze
CUST00221,  YASH RAO  ,,2025-05-07,,,
CUST00222,Aditya Menon,aditya.menon222@example.com,2023-04-16,Japan,37.0,Silver
CUST00223,Vikram Shah,vikram.shah223@example.com,2020-08-09,Germany,37.0,Silver
CUST00224,Neha Pillai,neha.pillai224@example.com,2021-11-11,India,21.0,Gold
CUST00225,Uday Joshi,uday.joshi225@mail.com,2025-02-16,UK,36.0,Bronze
CUST00226,Rohan Shah,rohan.shah226@example.com,2022-05-10,UAE,37.0,Silver
CUST00227,Uday Joshi,uday.joshi227@example.com,2021-03-26,UAE,65.0,Gold
CUST00228,Ananya Reddy,ananya.reddy228@example.com,2023-04-12,Japan,57.0,Bronze
CUST00229,Om Joshi,,2019-03-31,,,
CUST00230,aisha verma,aisha.verma230@mail.com,2025-10-19,Singapore,31.0,Gold
CUST00231,Tanvi Joshi,tanvi.joshi231@example.com,2021-07-31,Japan,17.0,Gold
CUST00232,Meera Iyer,meera.iyer232@example.com,2025-12-18,Canada,27.0,Silver
CUST00233,Manav Kulkarni,manav.kulkarni233@example.com,2020-02-02,India,38.0,Bronze
CUST00234,Uday Verma,uday.verma234@example.com,2025-07-01,Australia,49.0,Gold
CUST00235,Aditya Joshi,aditya.joshi235@mail.com,2022-08-31,UAE,26.0,Bronze
CUST00236,Diya Malhotra,diya.malhotra236@example.com,2023-02-07,France,27.0,Silver
CUST00237,Neha Deshmukh,neha.deshmukh237@example.com,2021-11-18,Singapore,16.0,Platinum
CUST00238,  OM MEHTA  ,om.mehta238@example.com,2020-04-16,Singapore,33.0,Platinum
CUST00239,Diya Reddy,diya.reddy239@example.com,2023-06-16,France,22.0,Bronze
CUST00240,Pooja Singh,,2019-02-27,,,
CUST00241,Uday Chopra,uday.chopra241@example.com,2021-12-09,Japan,24.0,Bronze
CUST00242,Riya Chopra,riya.chopra242@example.com,2020-03-19,Germany,33.0,Silver
CUST00243,Dev Malhotra,dev.malhotra243@example.com,2022-09-05,Japan,16.0,Bronze
CUST00244,Aditya Pillai,aditya.pillai244@example.com,2022-05-22,UAE,17.0,Bronze
CUST00245,Vivaan Verma,vivaan.verma245@mail.com,2022-05-31,Singapore,60.0,Bronze
CUST00246,Meera Malhotra,meera.malhotra246@example.com,2020-07-09,UAE,19.0,Silver
CUST00247,Arjun Malhotra,arjun.malhotra247@example.com,2023-09-13,Japan,21.0,Gold
CUST00248,Diya Rao,diya.rao248@example.com,2020-02-10,Singapore,57.0,Silver
CUST00249,Neha Verma,neha.verma249@example.com,2023-02-26,Germany,69.0,Silver
CUST00250,Meera Chopra,meera.chopra250@mail.com,2020-02-11,Australia,20.0,Silver
CUST00251,Riya Chopra,riya.chopra251@example.com,2019-09-06,UAE,30.0,Bronze
CUST00252,Ananya Pillai,ananya.pillai252@example.com,2020-01-11,Germany,39.0,Silver
CUST00253,dev sharma,dev.sharma253@example.com,2019-07-27,Australia,55.0,Bronze
CUST00254,Diya Shah,diya.shah254@example.com,2021-04-20,USA,23.0,Gold
CUST00255,  ZARA IYER  ,zara.iyer255@mail.com,2025-07-29,Germany,32.0,Gold
CUST00256,Meera Mehta,meera.mehta256@example.com,2020-08-27,Japan,44.0,Bronze
CUST00257,Simran Kulkarni,simran.kulkarni257@example.com,2020-06-16,France,40.0,Bronze
CUST00258,Ishaan Gupta,ishaan.gupta258@example.com,2019-04-16,UK,30.0,Bronze
CUST00259,Pooja Reddy,pooja.reddy259@example.com,2025-08-08,Australia,33.0,Bronze
CUST00260,Neha Verma,neha.verma260@mail.com,2020-06-03,UAE,18.0,Silver
CUST00261,Manav Patel,manav.patel261@example.com,2024-05-04,Singapore,32.0,Gold
CUST00262,Yash Shah,yash.shah262@example.com,2020-03-22,Singapore,31.0,Silver
CUST00263,Dev Verma,dev.verma263@example.com,2024-11-05,Canada,37.0,Silver
CUST00264,Aarav Verma,aarav.verma264@example.com,2024-05-15,UAE,28.0,Silver
CUST00265,Ananya Bose,ananya.bose265@mail.com,2023-12-22,USA,40.0,Gold
CUST00266,Priya Menon,priya.menon266@example.com,2020-08-30,USA,47.0,Bronze
CUST00267,Dev Shah,dev.shah267@example.com,2025-02-24,Australia,36.0,Bronze
CUST00268,Dev Kapoor,dev.kapoor268@example.com,2022-04-22,Singapore,39.0,Silver
CUST00269,Tara Gupta,tara.gupta269@example.com,2020-04-13,France,35.0,Gold
CUST00270,Kabir Rao,kabir.rao270@mail.com,2024-01-24,Germany,35.0,Silver
CUST00271,Rahul Pillai,rahul.pillai271@example.com,2023-06-22,UAE,26.0,Gold
CUST00272,  PRIYA RAO  ,priya.rao272@example.com,2022-07-04,Canada,38.0,Bronze
CUST00273,Diya Bose,diya.bose273@example.com,2019-10-02,USA,33.0,Gold
CUST00274,Aditya Rao,aditya.rao274@example.com,2020-01-31,Australia,60.0,Gold
CUST00275,Zara Verma,zara.verma275@mail.com,2025-07-30,France,53.0,Silver
CUST00276,arjun gupta,arjun.gupta276@example.com,2023-08-10,Australia,39.0,Gold
CUST00277,Nisha Rao,nisha.rao277@example.com,2019-07-30,Canada,25.0,Silver
CUST00278,Rohan Gupta,rohan.gupta278@example.com,2025-06-25,France,21.0,Bronze
CUST00279,Arjun Bose,arjun.bose279@example.com,2021-07-07,USA,49.0,Bronze
CUST00280,Zara Chopra,zara.chopra280@mail.com,2020-04-15,Canada,38.0,Silver
CUST00281,Pooja Rao,pooja.rao281@example.com,2025-04-16,Japan,40.0,Silver
CUST00282,Riya Malhotra,riya.malhotra282@example.com,2019-04-18,Japan,16.0,Platinum
CUST00283,Rahul Nair,rahul.nair283@example.com,2019-04-29,UK,46.0,Bronze
CUST00284,Nisha Joshi,,2022-10-23,,,
CUST00285,Simran Kulkarni,simran.kulkarni285@mail.com,2025-05-08,UAE,21.0,Bronze
CUST00286,Manav Sharma,manav.sharma286@example.com,2020-01-11,France,29.0,Bronze
CUST00287,Tara Pillai,tara.pillai287@example.com,2022-10-28,UK,38.0,Bronze
CUST00288,Manav Mehta,manav.mehta288@example.com,2025-05-13,Japan,35.0,Bronze
CUST00289,  VIVAAN KULKARNI  ,vivaan.kulkarni289@example.com,2020-10-06,Japan,31.0,Bronze
CUST00290,Aditya Nair,aditya.nair290@mail.com,2023-12-20,UAE,33.0,Silver
CUST00291,Uday Rao,uday.rao291@example.com,2022-01-23,Germany,31.0,Gold
CUST00292,Ananya Chopra,ananya.chopra292@example.com,2023-10-27,USA,36.0,Bronze
CUST00293,Arjun Shah,arjun.shah293@example.com,2024-06-16,France,52.0,Silver
CUST00294,Vivaan Reddy,vivaan.reddy294@example.com,2023-06-07,Japan,16.0,Bronze
CUST00295,Kabir Joshi,kabir.joshi295@mail.com,2021-05-15,UK,32.0,Gold
CUST00296,Om Mehta,om.mehta296@example.com,2020-05-06,India,37.0,Silver
CUST00297,Tara Deshmukh,tara.deshmukh297@example.com,2020-06-13,UAE,38.0,Silver
CUST00298,Meera Kapoor,meera.kapoor298@example.com,2025-04-07,Australia,30.0,Bronze
CUST00299,simran verma,simran.verma299@example.com,2023-11-22,India,16.0,Silver
CUST00300,Aditya Mehta,aditya.mehta300@mail.com,2025-06-16,UAE,38.0,Silver
CUST00301,Kavya Rao,kavya.rao301@example.com,2022-03-31,USA,55.0,Silver
CUST00302,Priya Deshmukh,priya.deshmukh302@example.com,2025-12-06,Singapore,16.0,Gold
CUST00303,Varun Chopra,varun.chopra303@example.com,2019-12-27,UAE,45.0,Gold
CUST00304,Meera Rao,meera.rao304@example.com,2025-08-09,UAE,31.0,Silver
CUST00305,Sana Joshi,sana.joshi305@mail.com,2022-10-22,Germany,34.0,Bronze
CUST00306,  ISHAAN PATEL  ,ishaan.patel306@example.com,2024-09-21,USA,22.0,Silver
CUST00307,Kabir Chopra,,2022-12-09,,,
CUST00308,Diya Nair,diya.nair308@example.com,2021-03-19,UK,50.0,Silver
CUST00309,Nisha Patel,nisha.patel309@example.com,2020-12-26,Singapore,41.0,Silver
CUST00310,Aisha Shah,aisha.shah310@mail.com,2024-01-13,Japan,55.0,Silver
CUST00311,Dev Mehta,dev.mehta311@example.com,2022-07-18,UK,49.0,Silver
CUST00312,Vikram Pillai,vikram.pillai312@example.com,2022-05-25,Canada,40.0,Silver
CUST00313,Rohan Kapoor,rohan.kapoor313@example.com,2019-10-31,Canada,55.0,Silver
CUST00314,Vivaan Verma,vivaan.verma314@example.com,2023-02-19,Canada,40.0,Bronze
CUST00315,Simran Patel,,2025-11-24,,,
CUST00316,Uday Shah,uday.shah316@example.com,2025-03-20,India,31.0,Silver
CUST00317,Pooja Shah,pooja.shah317@example.com,2021-02-10,Australia,35.0,Silver
CUST00318,Yash Kulkarni,yash.kulkarni318@example.com,2019-09-11,Singapore,26.0,Bronze
CUST00319,Tanvi Mehta,tanvi.mehta319@example.com,2019-12-12,France,46.0,Silver
CUST00320,Vivaan Reddy,vivaan.reddy320@mail.com,2023-11-29,Singapore,20.0,Silver
CUST00321,Dev Deshmukh,dev.deshmukh321@example.com,2023-01-30,Australia,44.0,Platinum
CUST00322,sana rao,,2022-10-17,,,
CUST00323,  RIYA MEHTA  ,riya.mehta323@example.com,2019-09-27,Australia,49.0,Bronze
CUST00324,Arjun Singh,arjun.singh324@example.com,2022-03-09,Canada,44.0,Gold
CUST00325,Arjun Menon,arjun.menon325@mail.com,2020-09-07,Australia,56.0,Bronze
CUST00326,Arjun Kulkarni,arjun.kulkarni326@example.com,2022-12-03,Canada,43.0,Platinum
CUST00327,Kavya Singh,kavya.singh327@example.com,2020-06-12,Japan,16.0,Gold
CUST00328,Aditya Joshi,aditya.joshi328@example.com,2025-04-08,UAE,34.0,Silver
CUST00329,Priya Kulkarni,priya.kulkarni329@example.com,2024-11-26,USA,20.0,Silver
CUST00330,Tara Kapoor,tara.kapoor330@mail.com,2023-01-22,India,28.0,Bronze
CUST00331,Ishaan Iyer,ishaan.iyer331@example.com,2022-10-31,Singapore,53.0,Bronze
CUST00332,Diya Kulkarni,diya.kulkarni332@example.com,2019-11-13,Canada,42.0,Gold
CUST00333,Ananya Kapoor,ananya.kapoor333@example.com,2025-01-19,France,26.0,Bronze
CUST00334,Priya Menon,priya.menon334@example.com,2020-06-20,Japan,22.0,Bronze
CUST00335,Ishaan Deshmukh,ishaan.deshmukh335@mail.com,2020-11-09,Singapore,35.0,Bronze
CUST00336,Rohan Reddy,,2023-12-25,,,
CUST00337,Manav Pillai,manav.pillai337@example.com,2021-08-16,France,26.0,Bronze
CUST00338,Pooja Bose,pooja.bose338@example.com,2021-03-05,Australia,38.0,Silver
CUST00339,Aisha Pillai,aisha.pillai339@example.com,2024-03-06,Canada,48.0,Gold
CUST00340,  YASH KAPOOR  ,yash.kapoor340@mail.com,2023-09-11,UK,42.0,Gold
CUST00341,Pooja Menon,pooja.menon341@example.com,2020-07-20,Canada,16.0,Bronze
CUST00342,Vikram Chopra,vikram.chopra342@example.com,2025-03-21,USA,38.0,Gold
CUST00343,Yash Gupta,yash.gupta343@example.com,2022-03-13,USA,35.0,Gold
CUST00344,Neha Pillai,neha.pillai344@example.com,2024-10-03,UK,39.0,Gold
CUST00345,aditya reddy,aditya.reddy345@mail.com,2024-01-22,Australia,54.0,Platinum
CUST00346,Tara Verma,tara.verma346@example.com,2023-06-12,France,16.0,Bronze
CUST00347,Sana Patel,sana.patel347@example.com,2023-03-16,Germany,27.0,Bronze
CUST00348,Varun Gupta,varun.gupta348@example.com,2022-10-05,UK,42.0,Bronze
CUST00349,Om Bose,om.bose349@example.com,2020-07-22,Singapore,16.0,Silver
CUST00350,Aarav Patel,aarav.patel350@mail.com,2019-03-19,Canada,52.0,Bronze
CUST00351,Diya Malhotra,diya.malhotra351@example.com,2025-10-29,France,39.0,Silver
CUST00352,Nisha Joshi,nisha.joshi352@example.com,2021-08-31,Canada,45.0,Bronze
CUST00353,Meera Rao,meera.rao353@example.com,2025-12-26,Singapore,28.0,Bronze
CUST00354,Rahul Bose,rahul.bose354@example.com,2025-09-10,France,44.0,Bronze
CUST00355,Yash Shah,yash.shah355@mail.com,2021-09-17,UK,47.0,Bronze
CUST00356,Aarav Menon,aarav.menon356@example.com,2022-12-16,Germany,37.0,Silver
CUST00357,  ISHAAN PATEL  ,ishaan.patel357@example.com,2024-11-14,Australia,37.0,Bronze
CUST00358,Yash Malhotra,yash.malhotra358@example.com,2024-09-09,France,38.0,Silver
CUST00359,Sana Bose,sana.bose359@example.com,2019-06-28,UAE,24.0,Platinum
CUST00360,Neha Sharma,neha.sharma360@mail.com,2023-01-02,USA,33.0,Bronze
CUST00361,Manav Gupta,manav.gupta361@example.com,2025-07-11,Australia,33.0,Bronze
CUST00362,Rohan Malhotra,rohan.malhotra362@example.com,2022-10-18,UK,39.0,Gold
CUST00363,Arjun Pillai,arjun.pillai363@example.com,2024-05-14,UK,46.0,Gold
CUST00364,Aditya Pillai,aditya.pillai364@example.com,2019-06-01,Canada,22.0,Bronze
CUST00365,Pooja Iyer,pooja.iyer365@mail.com,2019-06-21,Australia,33.0,Platinum
CUST00366,Yash Singh,yash.singh366@example.com,2025-02-02,Singapore,52.0,Bronze
CUST00367,Nisha Iyer,nisha.iyer367@example.com,2022-03-17,Australia,26.0,Gold
CUST00368,vivaan mehta,vivaan.mehta368@example.com,2022-01-24,USA,25.0,Gold
CUST00369,Tara Singh,tara.singh369@example.com,2023-12-07,UAE,37.0,Bronze
CUST00370,Ishaan Bose,ishaan.bose370@mail.com,2024-07-30,Australia,45.0,Platinum
CUST00371,Yash Nair,yash.nair371@example.com,2019-12-05,UAE,35.0,Bronze
CUST00372,Dev Deshmukh,dev.deshmukh372@example.com,2025-02-12,Canada,50.0,Bronze
CUST00373,Aditya Mehta,aditya.mehta373@example.com,2022-04-25,Canada,45.0,Silver
CUST00374,  KAVYA RAO  ,kavya.rao374@example.com,2020-11-13,Singapore,45.0,Bronze
CUST00375,Vivaan Chopra,vivaan.chopra375@mail.com,2025-11-23,UAE,41.0,Bronze
CUST00376,Pooja Verma,pooja.verma376@example.com,2019-11-04,UAE,62.0,Bronze
CUST00377,Pooja Deshmukh,pooja.deshmukh377@example.com,2019-05-08,UK,32.0,Gold
CUST00378,Arjun Pillai,arjun.pillai378@example.com,2019-05-23,UK,16.0,Bronze
CUST00379,Nisha Chopra,nisha.chopra379@example.com,2023-01-23,UAE,54.0,Platinum
CUST00380,Vivaan Menon,vivaan.menon380@mail.com,2020-09-20,Singapore,29.0,Platinum
CUST00381,Rohan Pillai,rohan.pillai381@example.com,2019-11-11,Japan,36.0,Bronze
CUST00382,Rohan Singh,rohan.singh382@example.com,2022-07-11,Canada,50.0,Bronze
CUST00383,Ananya Sharma,ananya.sharma383@example.com,2021-02-01,Singapore,16.0,Silver
CUST00384,Varun Malhotra,varun.malhotra384@example.com,2020-04-27,Canada,19.0,Gold
CUST00385,Kavya Pillai,kavya.pillai385@mail.com,2021-05-28,Japan,16.0,Bronze
CUST00386,Varun Bose,varun.bose386@example.com,2021-03-30,USA,25.0,Bronze
CUST00387,Aditya Pillai,aditya.pillai387@example.com,2020-12-08,Singapore,40.0,Platinum
CUST00388,Pooja Mehta,pooja.mehta388@example.com,2022-11-24,USA,41.0,Silver
CUST00389,Om Joshi,om.joshi389@example.com,2020-10-07,UK,38.0,Gold
CUST00390,Yash Reddy,yash.reddy390@mail.com,2020-05-12,Germany,18.0,Gold
CUST00391,  MEERA BOSE  ,meera.bose391@example.com,2019-04-18,Australia,16.0,Silver
CUST00392,Rohan Pillai,rohan.pillai392@example.com,2025-03-09,UK,35.0,Silver
CUST00393,Aditya Patel,aditya.patel393@example.com,2022-06-20,UAE,29.0,Platinum
CUST00394,Manav Bose,manav.bose394@example.com,2024-11-23,UAE,40.0,Gold
CUST00395,Rahul Shah,rahul.shah395@mail.com,2019-10-30,UK,43.0,Platinum
CUST00396,Riya Patel,riya.patel396@example.com,2024-01-18,Singapore,36.0,Silver
CUST00397,Rohan Kulkarni,rohan.kulkarni397@example.com,2025-03-08,Japan,44.0,Bronze
CUST00398,Diya Rao,diya.rao398@example.com,2024-08-21,India,37.0,Gold
CUST00399,Yash Kulkarni,yash.kulkarni399@example.com,2022-05-30,UK,41.0,Bronze
CUST00400,Varun Reddy,varun.reddy400@mail.com,2022-11-18,France,26.0,Gold
CUST00401,Simran Patel,simran.patel401@example.com,2021-10-23,Germany,32.0,Silver
CUST00402,Zara Nair,zara.nair402@example.com,2020-05-27,Canada,37.0,Silver
CUST00403,Aditya Kapoor,aditya.kapoor403@example.com,2020-11-21,Japan,44.0,Platinum
CUST00404,Diya Deshmukh,diya.deshmukh404@example.com,2025-10-14,Australia,30.0,Gold
CUST00405,Aisha Verma,aisha.verma405@mail.com,2019-04-27,USA,41.0,Bronze
CUST00406,Riya Shah,riya.shah406@example.com,2021-12-20,Germany,31.0,Gold
CUST00407,Tara Menon,tara.menon407@example.com,2019-05-05,Singapore,33.0,Gold
CUST00408,  ZARA JOSHI  ,zara.joshi408@example.com,2022-05-22,Singapore,44.0,Bronze
CUST00409,Pooja Singh,pooja.singh409@example.com,2022-05-03,Singapore,16.0,Bronze
CUST00410,Vivaan Deshmukh,vivaan.deshmukh410@mail.com,2023-12-06,UAE,19.0,Silver
CUST00411,Kabir Mehta,kabir.mehta411@example.com,2025-10-20,UK,17.0,Bronze
CUST00412,Kavya Mehta,kavya.mehta412@example.com,2022-11-15,UAE,16.0,Bronze
CUST00413,Rohan Kapoor,rohan.kapoor413@example.com,2025-04-19,USA,26.0,Bronze
CUST00414,uday gupta,uday.gupta414@example.com,2021-12-31,Singapore,43.0,Bronze
CUST00415,Ananya Verma,ananya.verma415@mail.com,2022-04-03,UAE,31.0,Gold
CUST00416,Tara Reddy,tara.reddy416@example.com,2020-10-16,Australia,37.0,Platinum
CUST00417,Manav Mehta,manav.mehta417@example.com,2021-02-16,UK,48.0,Silver
CUST00418,Yash Pillai,yash.pillai418@example.com,2024-08-04,Canada,50.0,Silver
CUST00419,Aditya Singh,aditya.singh419@example.com,2024-09-01,Singapore,34.0,Platinum
CUST00420,Kabir Shah,kabir.shah420@mail.com,2022-12-16,India,51.0,Bronze
CUST00421,Vikram Menon,vikram.menon421@example.com,2024-04-11,Canada,36.0,Silver
CUST00422,Simran Gupta,simran.gupta422@example.com,2023-11-01,UK,24.0,Gold
CUST00423,Manav Chopra,manav.chopra423@example.com,2023-07-10,Australia,27.0,Bronze
CUST00424,Vivaan Shah,vivaan.shah424@example.com,2025-04-20,Germany,17.0,Bronze
CUST00425,  OM PATEL  ,om.patel425@mail.com,2023-05-02,France,24.0,Silver
CUST00426,Zara Nair,zara.nair426@example.com,2025-12-27,Japan,30.0,Bronze
CUST00427,Ananya Singh,ananya.singh427@example.com,2023-03-09,Australia,44.0,Silver
CUST00428,Rohan Kulkarni,rohan.kulkarni428@example.com,2021-03-26,Japan,55.0,Silver
CUST00429,Yash Verma,yash.verma429@example.com,2019-07-05,India,18.0,Bronze
CUST00430,Priya Bose,priya.bose430@mail.com,2024-10-28,Singapore,39.0,Bronze
CUST00431,Tanvi Kapoor,tanvi.kapoor431@example.com,2020-07-26,Australia,22.0,Platinum
CUST00432,Priya Deshmukh,priya.deshmukh432@example.com,2023-05-29,Japan,40.0,Gold
CUST00433,Om Shah,om.shah433@example.com,2022-10-09,France,33.0,Gold
CUST00434,Zara Bose,zara.bose434@example.com,2025-04-24,Canada,16.0,Silver
CUST00435,Aarav Chopra,aarav.chopra435@mail.com,2022-09-18,USA,46.0,Platinum
CUST00436,Aisha Joshi,aisha.joshi436@example.com,2019-04-20,Japan,27.0,Silver
CUST00437,riya shah,riya.shah437@example.com,2025-06-23,Germany,28.0,Gold
CUST00438,Aisha Bose,aisha.bose438@example.com,2020-11-29,France,22.0,Silver
CUST00439,Dev Singh,dev.singh439@example.com,2020-08-28,Germany,27.0,Bronze
CUST00440,Kavya Gupta,kavya.gupta440@mail.com,2021-02-20,India,40.0,Silver
CUST00441,Tara Kulkarni,tara.kulkarni441@example.com,2023-08-19,Germany,32.0,Silver
CUST00442,  NISHA MENON  ,nisha.menon442@example.com,2024-04-15,India,38.0,Gold
CUST00443,Yash Iyer,yash.iyer443@example.com,2025-04-16,Australia,39.0,Platinum
CUST00444,Vikram Kapoor,vikram.kapoor444@example.com,2023-03-24,Australia,50.0,Platinum
CUST00445,Uday Malhotra,uday.malhotra445@mail.com,2022-11-03,France,30.0,Bronze
CUST00446,Nisha Nair,nisha.nair446@example.com,2025-11-03,Singapore,17.0,Bronze
CUST00447,Meera Nair,meera.nair447@example.com,2025-04-04,Canada,47.0,Bronze
CUST00448,Om Joshi,om.joshi448@example.com,2021-04-29,Singapore,31.0,Bronze
CUST00449,Rohan Malhotra,rohan.malhotra449@example.com,2022-01-25,Canada,48.0,Bronze
CUST00450,Arjun Malhotra,arjun.malhotra450@mail.com,2023-04-05,UAE,39.0,Gold
CUST00451,Nisha Kulkarni,nisha.kulkarni451@example.com,2022-04-04,India,33.0,Bronze
CUST00452,Kavya Patel,kavya.patel452@example.com,2022-11-19,Singapore,39.0,Silver
CUST00453,Manav Bose,manav.bose453@example.com,2021-05-26,Germany,58.0,Gold
CUST00454,Neha Malhotra,neha.malhotra454@example.com,2022-01-17,UK,59.0,Bronze
CUST00455,Manav Shah,manav.shah455@mail.com,2021-09-07,Germany,35.0,Bronze
CUST00456,Tanvi Kapoor,,2021-07-13,,,
CUST00457,Tara Mehta,tara.mehta457@example.com,2024-04-18,USA,47.0,Silver
CUST00458,Diya Sharma,diya.sharma458@example.com,2025-03-04,UK,24.0,Silver
CUST00459,  VARUN BOSE  ,varun.bose459@example.com,2024-05-09,Germany,38.0,Gold
CUST00460,om mehta,om.mehta460@mail.com,2022-03-15,India,34.0,Platinum
CUST00461,Aditya Shah,aditya.shah461@example.com,2021-08-09,France,38.0,Gold
CUST00462,Simran Verma,simran.verma462@example.com,2020-12-18,UAE,24.0,Gold
CUST00463,Ishaan Verma,ishaan.verma463@example.com,2023-06-15,Singapore,16.0,Bronze
CUST00464,Manav Joshi,manav.joshi464@example.com,2019-06-03,India,16.0,Bronze
CUST00465,Dev Gupta,dev.gupta465@mail.com,2022-10-04,Canada,21.0,Silver
CUST00466,Riya Malhotra,riya.malhotra466@example.com,2024-11-17,Singapore,29.0,Gold
CUST00467,Diya Kapoor,diya.kapoor467@example.com,2024-04-01,Canada,31.0,Bronze
CUST00468,Ananya Mehta,ananya.mehta468@example.com,2020-10-27,Singapore,58.0,Silver
CUST00469,Kavya Deshmukh,kavya.deshmukh469@example.com,2019-02-27,Australia,48.0,Gold
CUST00470,Aisha Iyer,aisha.iyer470@mail.com,2020-12-19,Japan,23.0,Gold
CUST00471,Tanvi Singh,tanvi.singh471@example.com,2023-10-18,France,39.0,Bronze
CUST00472,Sana Gupta,sana.gupta472@example.com,2021-01-26,UK,30.0,Silver
CUST00473,Varun Reddy,varun.reddy473@example.com,2019-01-28,Canada,31.0,Bronze
CUST00474,Uday Nair,uday.nair474@example.com,2022-09-12,Canada,37.0,Silver
CUST00475,Aisha Sharma,aisha.sharma475@mail.com,2021-12-07,Australia,42.0,Silver
CUST00476,  VIVAAN GUPTA  ,vivaan.gupta476@example.com,2024-03-21,Canada,30.0,Bronze
CUST00477,Arjun Kapoor,arjun.kapoor477@example.com,2022-06-27,USA,47.0,Silver
CUST00478,Om Chopra,om.chopra478@example.com,2025-11-22,Germany,21.0,Bronze
CUST00479,Diya Bose,diya.bose479@example.com,2020-09-19,Singapore,35.0,Gold
CUST00480,Dev Chopra,dev.chopra480@mail.com,2023-08-31,France,66.0,Platinum
CUST00481,Nisha Malhotra,,2021-06-13,,,
CUST00482,Dev Patel,dev.patel482@example.com,2024-11-22,Singapore,52.0,Silver
CUST00483,rohan patel,rohan.patel483@example.com,2025-04-29,USA,36.0,Bronze
CUST00484,Zara Kapoor,zara.kapoor484@example.com,2021-04-08,Japan,41.0,Silver
CUST00485,Ishaan Mehta,ishaan.mehta485@mail.com,2024-11-01,Singapore,34.0,Bronze
CUST00486,Kabir Shah,kabir.shah486@example.com,2024-06-25,USA,32.0,Gold
CUST00487,Uday Verma,uday.verma487@example.com,2024-02-01,UK,25.0,Silver
CUST00488,Uday Shah,uday.shah488@example.com,2019-08-25,France,40.0,Silver
CUST00489,Pooja Joshi,pooja.joshi489@example.com,2019-03-31,UAE,24.0,Bronze
CUST00490,Aarav Iyer,aarav.iyer490@mail.com,2025-06-26,USA,42.0,Bronze
CUST00491,Rohan Patel,rohan.patel491@example.com,2025-01-25,India,48.0,Platinum
CUST00492,Aditya Bose,aditya.bose492@example.com,2019-05-10,Canada,39.0,Silver
CUST00493,  NISHA KULKARNI  ,nisha.kulkarni493@example.com,2023-09-18,Australia,31.0,Platinum
CUST00494,Sana Pillai,sana.pillai494@example.com,2023-03-27,UAE,40.0,Bronze
CUST00495,Arjun Malhotra,arjun.malhotra495@mail.com,2020-06-28,Australia,31.0,Bronze
CUST00496,Zara Singh,zara.singh496@example.com,2024-12-06,UK,46.0,Gold
CUST00497,Meera Sharma,meera.sharma497@example.com,2019-04-04,Canada,16.0,Silver
CUST00498,Manav Malhotra,manav.malhotra498@example.com,2023-10-04,France,30.0,Bronze
CUST00499,Meera Reddy,meera.reddy499@example.com,2024-03-01,Australia,16.0,Bronze
CUST00500,Kabir Gupta,kabir.gupta500@mail.com,2019-05-12,UAE,17.0,Silver
CUST00501,Varun Sharma,varun.sharma501@example.com,2021-09-12,Germany,51.0,Bronze
CUST00502,Dev Verma,dev.verma502@example.com,2024-01-03,Japan,45.0,Silver
CUST00503,Simran Verma,simran.verma503@example.com,2021-09-29,India,26.0,Silver
CUST00504,Meera Malhotra,meera.malhotra504@example.com,2021-06-08,India,16.0,Bronze
CUST00505,Om Reddy,om.reddy505@mail.com,2025-06-17,Australia,16.0,Silver
CUST00506,nisha mehta,nisha.mehta506@example.com,2021-08-28,Canada,28.0,Gold
CUST00507,Arjun Kapoor,arjun.kapoor507@example.com,2021-06-24,UAE,64.0,Bronze
CUST00508,Vivaan Malhotra,vivaan.malhotra508@example.com,2025-08-20,UK,40.0,Silver
CUST00509,Tara Malhotra,tara.malhotra509@example.com,2024-07-23,India,28.0,Platinum
CUST00510,  RIYA SINGH  ,riya.singh510@mail.com,2024-11-18,Australia,40.0,Silver
CUST00511,Tara Kulkarni,tara.kulkarni511@example.com,2022-05-13,UAE,16.0,Bronze
CUST00512,Zara Bose,zara.bose512@example.com,2021-09-14,Germany,31.0,Bronze
CUST00513,Kavya Kulkarni,kavya.kulkarni513@example.com,2024-03-11,India,36.0,Silver
CUST00514,Tara Malhotra,tara.malhotra514@example.com,2024-12-10,UK,33.0,Bronze
CUST00515,Neha Iyer,neha.iyer515@mail.com,2022-09-14,USA,44.0,Platinum
CUST00516,Simran Chopra,simran.chopra516@example.com,2020-01-14,France,39.0,Gold
CUST00517,Kabir Verma,kabir.verma517@example.com,2022-01-04,UAE,43.0,Silver
CUST00518,Dev Verma,dev.verma518@example.com,2019-10-26,Germany,26.0,Gold
CUST00519,Aisha Malhotra,aisha.malhotra519@example.com,2021-06-07,Singapore,45.0,Bronze
CUST00520,Varun Mehta,varun.mehta520@mail.com,2022-05-26,India,54.0,Bronze
CUST00521,Kabir Gupta,kabir.gupta521@example.com,2024-05-15,Germany,23.0,Silver
CUST00522,Kavya Iyer,kavya.iyer522@example.com,2023-06-13,Germany,24.0,Silver
CUST00523,Nisha Joshi,nisha.joshi523@example.com,2023-04-09,Singapore,51.0,Silver
CUST00524,Rohan Joshi,rohan.joshi524@example.com,2021-12-07,Australia,32.0,Silver
CUST00525,Vikram Pillai,vikram.pillai525@mail.com,2020-02-08,Singapore,51.0,Gold
CUST00526,Priya Iyer,priya.iyer526@example.com,2023-02-27,Australia,29.0,Silver
CUST00527,  AISHA REDDY  ,aisha.reddy527@example.com,2020-08-20,India,52.0,Bronze
CUST00528,Varun Shah,varun.shah528@example.com,2025-06-30,UAE,36.0,Bronze
CUST00529,kabir mehta,kabir.mehta529@example.com,2021-07-31,UAE,38.0,Silver
CUST00530,Meera Bose,meera.bose530@mail.com,2025-03-05,Australia,53.0,Bronze
CUST00531,Rahul Bose,rahul.bose531@example.com,2024-07-02,Singapore,30.0,Bronze
CUST00532,Pooja Chopra,pooja.chopra532@example.com,2020-11-24,UK,23.0,Gold
CUST00533,Vikram Deshmukh,vikram.deshmukh533@example.com,2025-01-29,India,29.0,Silver
CUST00534,Rahul Patel,rahul.patel534@example.com,2019-07-18,India,40.0,Silver
CUST00535,Rahul Reddy,rahul.reddy535@mail.com,2019-10-06,UK,16.0,Bronze
CUST00536,Yash Pillai,yash.pillai536@example.com,2023-03-09,India,42.0,Silver
CUST00537,Arjun Menon,arjun.menon537@example.com,2024-06-02,Singapore,28.0,Bronze
CUST00538,Zara Malhotra,,2023-08-12,,,
CUST00539,Manav Nair,manav.nair539@example.com,2025-01-03,Canada,16.0,Bronze
CUST00540,Rahul Rao,rahul.rao540@mail.com,2021-01-04,USA,25.0,Platinum
CUST00541,Yash Kulkarni,yash.kulkarni541@example.com,2021-09-14,Germany,16.0,Silver
CUST00542,Neha Chopra,neha.chopra542@example.com,2021-12-30,UAE,25.0,Bronze
CUST00543,Sana Pillai,sana.pillai543@example.com,2025-05-03,Germany,37.0,Platinum
CUST00544,  MEERA JOSHI  ,meera.joshi544@example.com,2019-11-27,India,32.0,Bronze
CUST00545,Sana Singh,sana.singh545@mail.com,2025-03-13,Singapore,31.0,Bronze
CUST00546,Aarav Deshmukh,aarav.deshmukh546@example.com,2019-12-05,Singapore,33.0,Gold
CUST00547,Riya Mehta,riya.mehta547@example.com,2025-05-06,USA,37.0,Gold
CUST00548,Varun Verma,varun.verma548@example.com,2021-07-30,Germany,22.0,Platinum
CUST00549,Kavya Shah,kavya.shah549@example.com,2024-05-01,Canada,43.0,Bronze
CUST00550,Aditya Nair,aditya.nair550@mail.com,2025-02-02,Japan,42.0,Silver
CUST00551,Ishaan Mehta,ishaan.mehta551@example.com,2019-03-06,Germany,39.0,Silver
CUST00552,nisha singh,nisha.singh552@example.com,2019-11-12,Canada,41.0,Bronze
CUST00553,Meera Shah,meera.shah553@example.com,2023-05-13,France,38.0,Bronze
CUST00554,Nisha Kulkarni,nisha.kulkarni554@example.com,2019-11-18,France,59.0,Gold
CUST00555,Rohan Verma,rohan.verma555@mail.com,2020-02-05,UAE,33.0,Bronze
CUST00556,Aditya Mehta,aditya.mehta556@example.com,2025-10-14,Japan,31.0,Platinum
CUST00557,Sana Mehta,sana.mehta557@example.com,2019-05-02,Canada,25.0,Gold
CUST00558,Uday Bose,uday.bose558@example.com,2021-07-23,Australia,22.0,Silver
CUST00559,Sana Rao,sana.rao559@example.com,2021-01-30,Japan,20.0,Silver
CUST00560,Aditya Menon,aditya.menon560@mail.com,2022-04-24,Germany,24.0,Gold
CUST00561,  ADITYA NAIR  ,aditya.nair561@example.com,2020-09-23,UAE,34.0,Gold
CUST00562,Riya Kulkarni,riya.kulkarni562@example.com,2023-05-15,Australia,39.0,Bronze
CUST00563,Aditya Sharma,aditya.sharma563@example.com,2022-06-16,Singapore,35.0,Bronze
CUST00564,Neha Gupta,neha.gupta564@example.com,2020-06-26,USA,25.0,Bronze
CUST00565,Uday Malhotra,uday.malhotra565@mail.com,2025-03-22,France,45.0,Silver
CUST00566,Aarav Patel,aarav.patel566@example.com,2022-12-20,France,43.0,Bronze
CUST00567,Dev Mehta,dev.mehta567@example.com,2023-04-27,India,33.0,Bronze
CUST00568,Sana Patel,sana.patel568@example.com,2025-04-10,Germany,27.0,Silver
CUST00569,Ishaan Singh,,2020-11-25,,,
CUST00570,Neha Bose,neha.bose570@mail.com,2020-08-20,USA,37.0,Bronze
CUST00571,Neha Rao,neha.rao571@example.com,2022-05-12,Singapore,17.0,Gold
CUST00572,Rohan Nair,rohan.nair572@example.com,2021-10-07,Singapore,34.0,Silver
CUST00573,Kabir Pillai,kabir.pillai573@example.com,2020-03-14,UK,38.0,Bronze
CUST00574,Sana Mehta,sana.mehta574@example.com,2025-12-15,UAE,24.0,Gold
CUST00575,priya pillai,priya.pillai575@mail.com,2022-10-03,UAE,37.0,Gold
CUST00576,Simran Menon,simran.menon576@example.com,2020-07-11,Canada,17.0,Bronze
CUST00577,Kavya Iyer,kavya.iyer577@example.com,2024-05-16,Australia,51.0,Bronze
CUST00578,  SANA MEHTA  ,sana.mehta578@example.com,2022-04-08,Singapore,49.0,Platinum
CUST00579,Pooja Reddy,pooja.reddy579@example.com,2022-08-27,UAE,31.0,Bronze
CUST00580,Pooja Singh,pooja.singh580@mail.com,2023-02-04,USA,39.0,Platinum
CUST00581,Kabir Shah,kabir.shah581@example.com,2025-02-12,UK,16.0,Silver
CUST00582,Zara Sharma,,2024-03-05,,,
CUST00583,Om Patel,om.patel583@example.com,2023-08-03,Singapore,31.0,Bronze
CUST00584,Om Reddy,om.reddy584@example.com,2021-10-31,UK,22.0,Gold
CUST00585,Pooja Singh,pooja.singh585@mail.com,2019-10-30,Singapore,43.0,Platinum
CUST00586,Vikram Shah,vikram.shah586@example.com,2023-06-30,France,58.0,Silver
CUST00587,Varun Rao,varun.rao587@example.com,2025-02-04,India,20.0,Gold
CUST00588,Rohan Malhotra,rohan.malhotra588@example.com,2025-08-29,USA,24.0,Bronze
CUST00589,Meera Chopra,meera.chopra589@example.com,2020-11-12,Japan,37.0,Bronze
CUST00590,Riya Singh,riya.singh590@mail.com,2022-09-20,UAE,54.0,Bronze
CUST00591,Ananya Nair,ananya.nair591@example.com,2021-06-28,France,20.0,Gold
CUST00592,Zara Shah,zara.shah592@example.com,2025-06-14,Germany,37.0,Silver
CUST00593,Sana Pillai,sana.pillai593@example.com,2025-08-07,France,56.0,Bronze
CUST00594,Aarav Bose,aarav.bose594@example.com,2020-03-04,Canada,16.0,Silver
CUST00595,  ADITYA GUPTA  ,aditya.gupta595@mail.com,2020-08-03,Australia,19.0,Bronze
CUST00596,Uday Iyer,uday.iyer596@example.com,2024-11-04,Singapore,29.0,Bronze
CUST00597,Ananya Pillai,ananya.pillai597@example.com,2024-01-28,Australia,28.0,Bronze
CUST00598,vivaan gupta,vivaan.gupta598@example.com,2019-04-03,Australia,44.0,Silver
CUST00599,Arjun Deshmukh,arjun.deshmukh599@example.com,2021-09-26,France,37.0,Bronze
CUST00600,Ishaan Mehta,ishaan.mehta600@mail.com,2025-04-12,UAE,16.0,Platinum
CUST00601,Meera Singh,meera.singh601@example.com,2021-01-25,UK,41.0,Silver
CUST00602,Tara Singh,tara.singh602@example.com,2019-04-30,Japan,28.0,Gold
CUST00603,Uday Shah,uday.shah603@example.com,2023-10-26,UAE,50.0,Bronze
CUST00604,Kabir Iyer,kabir.iyer604@example.com,2022-02-14,USA,27.0,Silver
CUST00605,Pooja Malhotra,pooja.malhotra605@mail.com,2021-02-04,Australia,27.0,Bronze
CUST00606,Uday Gupta,uday.gupta606@example.com,2021-12-10,Singapore,41.0,Silver
CUST00607,Riya Mehta,riya.mehta607@example.com,2025-09-11,UAE,44.0,Silver
CUST00608,Aisha Gupta,aisha.gupta608@example.com,2022-11-26,Australia,40.0,Gold
CUST00609,Dev Deshmukh,dev.deshmukh609@example.com,2022-05-03,Japan,16.0,Silver
CUST00610,Arjun Kulkarni,arjun.kulkarni610@mail.com,2022-07-06,USA,41.0,Bronze
CUST00611,Ananya Deshmukh,ananya.deshmukh611@example.com,2023-03-10,UK,22.0,Silver
CUST00612,  TARA MENON  ,tara.menon612@example.com,2020-07-18,Japan,37.0,Bronze
CUST00613,Ishaan Bose,ishaan.bose613@example.com,2025-01-10,UK,17.0,Silver
CUST00614,Vikram Joshi,vikram.joshi614@example.com,2020-07-28,UK,40.0,Bronze
CUST00615,Uday Menon,uday.menon615@mail.com,2019-08-08,Australia,25.0,Platinum
CUST00616,Vikram Kulkarni,vikram.kulkarni616@example.com,2021-03-10,UAE,19.0,Platinum
CUST00617,Yash Bose,yash.bose617@example.com,2023-08-03,Singapore,43.0,Silver
CUST00618,Rahul Pillai,rahul.pillai618@example.com,2024-06-24,UK,37.0,Bronze
CUST00619,Aarav Reddy,aarav.reddy619@example.com,2022-04-11,India,27.0,Bronze
CUST00620,Zara Joshi,zara.joshi620@mail.com,2020-11-19,Singapore,52.0,Silver
CUST00621,nisha bose,nisha.bose621@example.com,2025-03-01,France,29.0,Bronze
CUST00622,Ananya Nair,ananya.nair622@example.com,2025-02-02,Australia,35.0,Silver
CUST00623,Nisha Verma,nisha.verma623@example.com,2023-12-13,France,38.0,Bronze
CUST00624,Tara Gupta,tara.gupta624@example.com,2021-10-10,Canada,27.0,Gold
CUST00625,Vivaan Pillai,vivaan.pillai625@mail.com,2021-12-12,Australia,40.0,Gold
CUST00626,Aditya Pillai,aditya.pillai626@example.com,2020-04-25,Germany,28.0,Bronze
CUST00627,Manav Shah,manav.shah627@example.com,2022-12-07,Japan,30.0,Silver
CUST00628,Ishaan Menon,ishaan.menon628@example.com,2020-07-24,Germany,51.0,Gold
CUST00629,  POOJA VERMA  ,pooja.verma629@example.com,2025-05-24,Australia,22.0,Silver
CUST00630,Dev Malhotra,dev.malhotra630@mail.com,2020-11-20,Australia,16.0,Platinum
CUST00631,Om Joshi,om.joshi631@example.com,2025-06-03,Canada,54.0,Platinum
CUST00632,Yash Gupta,yash.gupta632@example.com,2020-07-09,UAE,65.0,Platinum
CUST00633,Neha Kulkarni,neha.kulkarni633@example.com,2020-06-27,Germany,30.0,Bronze
CUST00634,Priya Reddy,priya.reddy634@example.com,2023-05-28,Singapore,16.0,Bronze
CUST00635,Riya Nair,riya.nair635@mail.com,2023-08-24,UAE,31.0,Silver
CUST00636,Riya Patel,riya.patel636@example.com,2023-07-09,France,31.0,Gold
CUST00637,Kavya Chopra,,2024-02-06,,,
CUST00638,Aarav Patel,aarav.patel638@example.com,2024-02-21,Australia,21.0,Gold
CUST00639,Pooja Malhotra,pooja.malhotra639@example.com,2023-06-18,Germany,41.0,Platinum
CUST00640,Rahul Iyer,rahul.iyer640@mail.com,2024-07-19,Canada,41.0,Bronze
CUST00641,Om Mehta,om.mehta641@example.com,2025-02-19,Japan,17.0,Bronze
CUST00642,Simran Bose,simran.bose642@example.com,2022-11-08,India,43.0,Bronze
CUST00643,Riya Pillai,riya.pillai643@example.com,2019-03-08,USA,59.0,Platinum
CUST00644,ishaan pillai,ishaan.pillai644@example.com,2024-02-13,India,37.0,Platinum
CUST00645,Tara Iyer,tara.iyer645@mail.com,2020-06-24,Canada,30.0,Bronze
CUST00646,  VARUN NAIR  ,varun.nair646@example.com,2020-01-18,Australia,33.0,Bronze
CUST00647,Rohan Deshmukh,rohan.deshmukh647@example.com,2019-08-01,UAE,42.0,Silver
CUST00648,Manav Reddy,manav.reddy648@example.com,2023-10-25,USA,16.0,Gold
CUST00649,Aarav Iyer,aarav.iyer649@example.com,2024-05-07,USA,36.0,Bronze
CUST00650,Meera Kapoor,meera.kapoor650@mail.com,2023-12-28,India,30.0,Bronze
CUST00651,Priya Gupta,priya.gupta651@example.com,2023-09-26,UK,57.0,Silver
CUST00652,Meera Singh,meera.singh652@example.com,2020-01-01,USA,32.0,Bronze
CUST00653,Rohan Joshi,rohan.joshi653@example.com,2020-07-15,UAE,55.0,Gold
CUST00654,Nisha Kulkarni,nisha.kulkarni654@example.com,2020-08-08,USA,21.0,Silver
CUST00655,Aarav Menon,aarav.menon655@mail.com,2020-11-03,Singapore,42.0,Bronze
CUST00656,Kabir Kulkarni,kabir.kulkarni656@example.com,2023-08-14,Japan,38.0,Silver
CUST00657,Simran Iyer,simran.iyer657@example.com,2019-12-22,USA,24.0,Bronze
CUST00658,Ananya Shah,ananya.shah658@example.com,2023-04-22,Australia,37.0,Platinum
CUST00659,Priya Kulkarni,priya.kulkarni659@example.com,2021-10-11,Canada,49.0,Silver
CUST00660,Meera Malhotra,meera.malhotra660@mail.com,2025-09-27,Japan,31.0,Gold
CUST00661,Om Sharma,om.sharma661@example.com,2022-05-20,Germany,16.0,Silver
CUST00662,Yash Iyer,yash.iyer662@example.com,2023-05-24,Canada,34.0,Silver
CUST00663,  POOJA REDDY  ,pooja.reddy663@example.com,2024-07-20,UAE,24.0,Bronze
CUST00664,Vikram Menon,vikram.menon664@example.com,2019-10-18,France,30.0,Gold
CUST00665,Aarav Chopra,,2022-07-20,,,
CUST00666,Rahul Shah,rahul.shah666@example.com,2023-09-20,Australia,16.0,Silver
CUST00667,ishaan bose,ishaan.bose667@example.com,2019-10-26,India,16.0,Silver
CUST00668,Aarav Nair,aarav.nair668@example.com,2021-06-02,India,40.0,Platinum
CUST00669,Pooja Singh,pooja.singh669@example.com,2024-09-06,Canada,28.0,Silver
CUST00670,Yash Rao,yash.rao670@mail.com,2023-10-01,UAE,16.0,Bronze
CUST00671,Zara Malhotra,zara.malhotra671@example.com,2025-11-28,UK,44.0,Bronze
CUST00672,Om Patel,om.patel672@example.com,2024-09-25,Germany,38.0,Platinum
CUST00673,Diya Malhotra,diya.malhotra673@example.com,2022-08-31,UAE,26.0,Silver
CUST00674,Nisha Patel,nisha.patel674@example.com,2022-06-24,UAE,19.0,Gold
CUST00675,Simran Reddy,simran.reddy675@mail.com,2019-08-26,Germany,45.0,Bronze
CUST00676,Tara Gupta,tara.gupta676@example.com,2024-02-01,Japan,39.0,Silver
CUST00677,Om Deshmukh,om.deshmukh677@example.com,2020-05-04,India,63.0,Gold
CUST00678,Kavya Sharma,kavya.sharma678@example.com,2020-11-02,Singapore,40.0,Platinum
CUST00679,Yash Kapoor,yash.kapoor679@example.com,2021-11-27,UK,39.0,Bronze
CUST00680,  MANAV NAIR  ,manav.nair680@mail.com,2020-04-28,India,32.0,Bronze
CUST00681,Tara Nair,tara.nair681@example.com,2024-11-15,USA,44.0,Bronze
CUST00682,Aisha Patel,aisha.patel682@example.com,2024-07-25,Singapore,42.0,Silver
CUST00683,Vivaan Bose,vivaan.bose683@example.com,2025-05-10,UK,50.0,Bronze
CUST00684,Neha Gupta,,2025-06-08,,,
CUST00685,Yash Sharma,yash.sharma685@mail.com,2019-06-30,India,29.0,Bronze
CUST00686,Vikram Chopra,vikram.chopra686@example.com,2023-04-18,UK,29.0,Bronze
CUST00687,Simran Verma,simran.verma687@example.com,2025-03-14,UAE,44.0,Bronze
CUST00688,Meera Rao,meera.rao688@example.com,2022-08-03,Canada,52.0,Gold
CUST00689,Aisha Chopra,aisha.chopra689@example.com,2020-05-04,France,29.0,Silver
CUST00690,vivaan deshmukh,vivaan.deshmukh690@mail.com,2021-07-03,France,29.0,Platinum
CUST00691,Sana Patel,sana.patel691@example.com,2024-03-20,Canada,38.0,Gold
CUST00692,Om Mehta,om.mehta692@example.com,2019-12-20,France,32.0,Silver
CUST00693,Rohan Iyer,rohan.iyer693@example.com,2022-04-09,Japan,46.0,Gold
CUST00694,Manav Menon,manav.menon694@example.com,2021-09-20,Singapore,16.0,Bronze
CUST00695,Vikram Iyer,vikram.iyer695@mail.com,2025-02-16,Germany,25.0,Bronze
CUST00696,Varun Rao,varun.rao696@example.com,2019-04-08,Germany,25.0,Silver
CUST00697,  RIYA SHARMA  ,riya.sharma697@example.com,2022-10-04,India,16.0,Gold
CUST00698,Sana Joshi,sana.joshi698@example.com,2020-03-01,Germany,23.0,Silver
CUST00699,Meera Rao,meera.rao699@example.com,2024-07-08,India,24.0,Platinum
CUST00700,Diya Nair,diya.nair700@mail.com,2020-01-17,India,32.0,Platinum
CUST00701,Tanvi Kapoor,tanvi.kapoor701@example.com,2023-08-19,Australia,48.0,Silver
CUST00702,Manav Patel,manav.patel702@example.com,2025-07-06,USA,32.0,Silver
CUST00703,Riya Singh,riya.singh703@example.com,2019-11-03,Japan,22.0,Silver
CUST00704,Tara Kulkarni,tara.kulkarni704@example.com,2021-08-27,Canada,34.0,Bronze
CUST00705,Priya Singh,priya.singh705@mail.com,2022-08-29,Australia,47.0,Silver
CUST00706,Meera Patel,meera.patel706@example.com,2021-04-10,UK,23.0,Gold
CUST00707,Aisha Gupta,aisha.gupta707@example.com,2020-09-28,USA,24.0,Bronze
CUST00708,Uday Mehta,uday.mehta708@example.com,2023-07-24,USA,41.0,Silver
CUST00709,Nisha Iyer,,2024-01-26,,,
CUST00710,Simran Gupta,simran.gupta710@mail.com,2020-01-06,UK,42.0,Gold
CUST00711,Om Menon,om.menon711@example.com,2019-06-15,Germany,34.0,Gold
CUST00712,Priya Kulkarni,priya.kulkarni712@example.com,2020-01-09,Germany,43.0,Platinum
CUST00713,sana kapoor,sana.kapoor713@example.com,2019-07-20,Canada,22.0,Bronze
CUST00714,  ISHAAN SHARMA  ,ishaan.sharma714@example.com,2023-07-15,Singapore,34.0,Silver
CUST00715,Zara Reddy,zara.reddy715@mail.com,2020-01-23,Singapore,32.0,Bronze
CUST00716,Pooja Kulkarni,pooja.kulkarni716@example.com,2020-05-12,India,20.0,Bronze
CUST00717,Nisha Reddy,nisha.reddy717@example.com,2020-06-19,Germany,16.0,Gold
CUST00718,Rohan Patel,rohan.patel718@example.com,2025-07-13,Japan,43.0,Bronze
CUST00719,Rahul Patel,rahul.patel719@example.com,2019-03-31,USA,30.0,Bronze
CUST00720,Riya Pillai,riya.pillai720@mail.com,2020-06-11,USA,22.0,Platinum
CUST00721,Rahul Mehta,rahul.mehta721@example.com,2020-05-16,India,33.0,Platinum
CUST00722,Vivaan Deshmukh,vivaan.deshmukh722@example.com,2025-06-08,UAE,48.0,Gold
CUST00723,Sana Bose,sana.bose723@example.com,2019-05-01,UAE,16.0,Silver
CUST00724,Ishaan Chopra,ishaan.chopra724@example.com,2021-05-29,UK,17.0,Bronze
CUST00725,Uday Kulkarni,uday.kulkarni725@mail.com,2019-05-22,Japan,23.0,Silver
CUST00726,Meera Joshi,meera.joshi726@example.com,2024-08-05,UAE,52.0,Gold
CUST00727,Vikram Verma,vikram.verma727@example.com,2019-12-26,Canada,38.0,Bronze
CUST00728,Tara Iyer,tara.iyer728@example.com,2024-11-23,Germany,44.0,Silver
CUST00729,Pooja Malhotra,pooja.malhotra729@example.com,2019-03-21,UAE,21.0,Gold
CUST00730,Rohan Bose,rohan.bose730@mail.com,2025-02-08,Singapore,21.0,Bronze
CUST00731,  AISHA KAPOOR  ,aisha.kapoor731@example.com,2022-08-10,UAE,40.0,Bronze
CUST00732,Aarav Mehta,aarav.mehta732@example.com,2025-09-11,Germany,35.0,Bronze
CUST00733,Pooja Nair,pooja.nair733@example.com,2019-08-28,Singapore,41.0,Silver
CUST00734,Nisha Shah,nisha.shah734@example.com,2021-08-11,UK,32.0,Bronze
CUST00735,Arjun Reddy,arjun.reddy735@mail.com,2021-12-27,France,38.0,Gold
CUST00736,varun verma,varun.verma736@example.com,2021-06-17,Japan,36.0,Gold
CUST00737,Pooja Singh,pooja.singh737@example.com,2022-12-24,UK,44.0,Bronze
CUST00738,Aisha Mehta,aisha.mehta738@example.com,2023-01-09,Japan,44.0,Bronze
CUST00739,Kavya Chopra,kavya.chopra739@example.com,2025-05-14,Japan,16.0,Bronze
CUST00740,Kabir Bose,kabir.bose740@mail.com,2025-01-29,Canada,16.0,Bronze
CUST00741,Vivaan Patel,vivaan.patel741@example.com,2019-08-19,Germany,47.0,Silver
CUST00742,Aarav Kapoor,aarav.kapoor742@example.com,2024-05-11,India,49.0,Bronze
CUST00743,Dev Iyer,dev.iyer743@example.com,2020-06-18,Australia,22.0,Gold
CUST00744,Varun Mehta,varun.mehta744@example.com,2019-09-01,India,16.0,Bronze
CUST00745,Kavya Kulkarni,kavya.kulkarni745@mail.com,2020-03-30,France,36.0,Gold
CUST00746,Aditya Chopra,aditya.chopra746@example.com,2023-06-09,Japan,46.0,Bronze
CUST00747,Om Mehta,om.mehta747@example.com,2020-07-12,UK,56.0,Gold
CUST00748,  TARA BOSE  ,tara.bose748@example.com,2022-07-23,UK,41.0,Gold
CUST00749,Zara Menon,zara.menon749@example.com,2023-01-01,Germany,30.0,Silver
CUST00750,Rahul Deshmukh,rahul.deshmukh750@mail.com,2023-03-30,Canada,24.0,Gold
CUST00751,Om Kulkarni,om.kulkarni751@example.com,2020-12-28,India,35.0,Platinum
CUST00752,Aisha Singh,aisha.singh752@example.com,2025-05-13,India,31.0,Bronze
CUST00753,Priya Menon,priya.menon753@example.com,2021-06-23,Japan,22.0,Bronze
CUST00754,Vikram Kulkarni,vikram.kulkarni754@example.com,2022-09-18,USA,59.0,Bronze
CUST00755,Priya Deshmukh,priya.deshmukh755@mail.com,2019-12-30,Australia,56.0,Silver
CUST00756,Neha Iyer,neha.iyer756@example.com,2021-10-19,USA,48.0,Bronze
CUST00757,Pooja Gupta,pooja.gupta757@example.com,2019-01-06,India,23.0,Bronze
CUST00758,Manav Rao,manav.rao758@example.com,2020-11-12,UAE,45.0,Silver
CUST00759,sana chopra,sana.chopra759@example.com,2025-02-14,UAE,42.0,Bronze
CUST00760,Vikram Shah,vikram.shah760@mail.com,2021-07-12,UK,40.0,Silver
CUST00761,Pooja Verma,pooja.verma761@example.com,2022-04-22,India,49.0,Bronze
CUST00762,Ananya Patel,ananya.patel762@example.com,2022-11-01,UK,42.0,Gold
CUST00763,Ishaan Patel,ishaan.patel763@example.com,2025-02-18,USA,43.0,Bronze
CUST00764,Dev Bose,dev.bose764@example.com,2019-05-07,UAE,42.0,Platinum
CUST00765,  ISHAAN MENON  ,ishaan.menon765@mail.com,2023-11-14,UK,39.0,Bronze
CUST00766,Priya Iyer,priya.iyer766@example.com,2021-02-17,UAE,16.0,Silver
CUST00767,Manav Malhotra,manav.malhotra767@example.com,2021-12-22,Canada,36.0,Bronze
CUST00768,Ananya Verma,ananya.verma768@example.com,2023-05-29,Japan,28.0,Silver
CUST00769,Vikram Kulkarni,vikram.kulkarni769@example.com,2019-08-12,Australia,19.0,Bronze
CUST00770,Aditya Joshi,aditya.joshi770@mail.com,2025-09-24,Singapore,55.0,Bronze
CUST00771,Aarav Iyer,aarav.iyer771@example.com,2020-11-30,Canada,55.0,Platinum
CUST00772,Vikram Gupta,vikram.gupta772@example.com,2022-06-17,UAE,51.0,Silver
CUST00773,Tanvi Nair,tanvi.nair773@example.com,2020-01-09,France,38.0,Bronze
CUST00774,Rohan Singh,rohan.singh774@example.com,2023-02-22,UK,51.0,Silver
CUST00775,Neha Pillai,neha.pillai775@mail.com,2024-03-19,Canada,35.0,Bronze
CUST00776,Neha Shah,neha.shah776@example.com,2019-09-10,UK,37.0,Gold
CUST00777,Arjun Gupta,arjun.gupta777@example.com,2019-12-18,Australia,21.0,Gold
CUST00778,Tara Shah,tara.shah778@example.com,2021-07-20,France,39.0,Bronze
CUST00779,Sana Kapoor,sana.kapoor779@example.com,2023-09-11,France,35.0,Silver
CUST00780,Varun Bose,varun.bose780@mail.com,2025-06-03,Germany,19.0,Silver
CUST00781,Aditya Singh,aditya.singh781@example.com,2019-05-23,France,34.0,Silver
CUST00782,  YASH SHAH  ,yash.shah782@example.com,2025-12-15,UK,34.0,Bronze
CUST00783,Nisha Pillai,nisha.pillai783@example.com,2020-12-09,UK,56.0,Platinum
CUST00784,Pooja Iyer,pooja.iyer784@example.com,2020-05-31,India,45.0,Silver
CUST00785,Arjun Rao,arjun.rao785@mail.com,2021-04-07,UK,35.0,Gold
CUST00786,Neha Mehta,neha.mehta786@example.com,2019-10-02,USA,37.0,Bronze
CUST00787,Sana Malhotra,sana.malhotra787@example.com,2022-08-28,Canada,35.0,Silver
CUST00788,Varun Sharma,varun.sharma788@example.com,2025-12-27,Japan,32.0,Silver
CUST00789,Tara Gupta,tara.gupta789@example.com,2023-08-25,UK,22.0,Bronze
CUST00790,Aisha Shah,aisha.shah790@mail.com,2020-02-15,USA,33.0,Silver
CUST00791,Ananya Joshi,ananya.joshi791@example.com,2025-01-02,Australia,26.0,Gold
CUST00792,Neha Singh,neha.singh792@example.com,2024-06-11,Japan,19.0,Silver
CUST00793,Vivaan Deshmukh,vivaan.deshmukh793@example.com,2022-02-02,UAE,41.0,Bronze
CUST00794,Dev Singh,dev.singh794@example.com,2019-06-08,UAE,39.0,Gold
CUST00795,Priya Reddy,priya.reddy795@mail.com,2019-07-21,Singapore,16.0,Platinum
CUST00796,Tanvi Chopra,tanvi.chopra796@example.com,2019-03-24,Australia,33.0,Gold
CUST00797,Om Joshi,om.joshi797@example.com,2022-02-22,Singapore,46.0,Gold
CUST00798,Arjun Gupta,arjun.gupta798@example.com,2021-07-22,UK,47.0,Bronze
CUST00799,  MANAV PILLAI  ,manav.pillai799@example.com,2022-08-07,Canada,47.0,Gold
CUST00800,Dev Patel,dev.patel800@mail.com,2021-02-08,Singapore,35.0,Bronze
CUST00801,Rahul Rao,rahul.rao801@example.com,2024-06-07,France,24.0,Gold
CUST00802,Rahul Verma,rahul.verma802@example.com,2024-10-11,UK,21.0,Bronze
CUST00803,Kavya Kapoor,kavya.kapoor803@example.com,2023-07-11,UK,39.0,Gold
CUST00804,Yash Shah,yash.shah804@example.com,2019-04-29,UK,39.0,Bronze
CUST00805,rahul iyer,rahul.iyer805@mail.com,2019-08-25,Germany,50.0,Bronze
CUST00806,Vivaan Chopra,vivaan.chopra806@example.com,2021-03-26,Canada,48.0,Bronze
CUST00807,Uday Kapoor,uday.kapoor807@example.com,2023-06-14,USA,33.0,Silver
CUST00808,Meera Chopra,meera.chopra808@example.com,2024-06-25,Japan,20.0,Silver
CUST00809,Simran Bose,simran.bose809@example.com,2025-07-31,France,31.0,Bronze
CUST00810,Ishaan Nair,ishaan.nair810@mail.com,2020-01-06,Canada,37.0,Bronze
CUST00811,Vivaan Deshmukh,vivaan.deshmukh811@example.com,2025-06-01,Germany,32.0,Gold
CUST00812,Riya Reddy,riya.reddy812@example.com,2021-04-26,Canada,28.0,Silver
CUST00813,Yash Sharma,yash.sharma813@example.com,2019-02-06,Singapore,38.0,Platinum
CUST00814,Riya Deshmukh,riya.deshmukh814@example.com,2025-09-28,India,28.0,Bronze
CUST00815,Dev Joshi,dev.joshi815@mail.com,2022-02-01,UAE,27.0,Gold
CUST00816,  SIMRAN CHOPRA  ,simran.chopra816@example.com,2024-02-24,Canada,38.0,Bronze
CUST00817,Om Kapoor,om.kapoor817@example.com,2025-12-29,UAE,30.0,Silver
CUST00818,Aarav Kapoor,,2023-03-13,,,
CUST00819,Dev Joshi,dev.joshi819@example.com,2022-05-07,USA,38.0,Silver
CUST00820,Priya Nair,priya.nair820@mail.com,2022-08-24,Canada,21.0,Bronze
CUST00821,Kavya Joshi,kavya.joshi821@example.com,2021-02-10,UK,29.0,Silver
CUST00822,Meera Verma,meera.verma822@example.com,2025-09-23,UAE,52.0,Silver
CUST00823,Arjun Kulkarni,arjun.kulkarni823@example.com,2019-04-15,Singapore,21.0,Platinum
CUST00824,Neha Rao,neha.rao824@example.com,2023-07-16,UAE,16.0,Gold
CUST00825,Aisha Shah,aisha.shah825@mail.com,2021-02-16,Australia,16.0,Gold
CUST00826,Meera Malhotra,meera.malhotra826@example.com,2024-05-02,Australia,35.0,Silver
CUST00827,Simran Deshmukh,simran.deshmukh827@example.com,2025-04-05,UK,35.0,Bronze
CUST00828,vikram kulkarni,vikram.kulkarni828@example.com,2021-11-25,France,33.0,Gold
CUST00829,Ishaan Mehta,ishaan.mehta829@example.com,2020-01-01,Germany,49.0,Bronze
CUST00830,Manav Joshi,manav.joshi830@mail.com,2023-09-19,Australia,16.0,Bronze
CUST00831,Aisha Joshi,aisha.joshi831@example.com,2024-03-14,USA,39.0,Silver
CUST00832,Simran Shah,,2025-07-04,,,
CUST00833,  TANVI IYER  ,tanvi.iyer833@example.com,2024-08-11,USA,21.0,Gold
CUST00834,Sana Kapoor,sana.kapoor834@example.com,2022-05-07,UAE,30.0,Bronze
CUST00835,Simran Kulkarni,simran.kulkarni835@mail.com,2020-07-16,Germany,25.0,Bronze
CUST00836,Aisha Pillai,aisha.pillai836@example.com,2020-08-09,Australia,24.0,Gold
CUST00837,Ishaan Patel,ishaan.patel837@example.com,2024-06-20,Australia,31.0,Silver
CUST00838,Ishaan Mehta,ishaan.mehta838@example.com,2019-08-26,India,52.0,Silver
CUST00839,Kabir Deshmukh,,2025-06-18,,,
CUST00840,Nisha Patel,nisha.patel840@mail.com,2020-06-14,Japan,30.0,Silver
CUST00841,Tara Singh,tara.singh841@example.com,2023-10-24,Singapore,57.0,Bronze
CUST00842,Vivaan Malhotra,vivaan.malhotra842@example.com,2021-03-27,Australia,35.0,Platinum
CUST00843,Tanvi Mehta,tanvi.mehta843@example.com,2024-12-15,Germany,56.0,Bronze
CUST00844,Aarav Reddy,aarav.reddy844@example.com,2021-07-15,Australia,33.0,Bronze
CUST00845,Ananya Singh,ananya.singh845@mail.com,2024-08-23,Japan,36.0,Bronze
CUST00846,Aditya Verma,aditya.verma846@example.com,2022-05-06,Canada,39.0,Silver
CUST00847,Yash Menon,yash.menon847@example.com,2024-11-16,Australia,73.0,Silver
CUST00848,Arjun Kulkarni,arjun.kulkarni848@example.com,2022-11-04,Singapore,45.0,Bronze
CUST00849,Kabir Deshmukh,kabir.deshmukh849@example.com,2023-07-11,India,26.0,Bronze
CUST00850,  MANAV KULKARNI  ,manav.kulkarni850@mail.com,2021-05-15,India,46.0,Silver
CUST00851,ishaan gupta,ishaan.gupta851@example.com,2023-02-10,India,30.0,Bronze
CUST00852,Riya Nair,riya.nair852@example.com,2024-12-30,Japan,29.0,Bronze
CUST00853,Vivaan Gupta,vivaan.gupta853@example.com,2019-03-22,India,45.0,Silver
CUST00854,Tara Pillai,tara.pillai854@example.com,2023-04-07,USA,35.0,Silver
CUST00855,Vikram Kulkarni,vikram.kulkarni855@mail.com,2021-04-21,India,38.0,Bronze
CUST00856,Arjun Gupta,arjun.gupta856@example.com,2024-11-01,Canada,35.0,Silver
CUST00857,Kavya Kulkarni,kavya.kulkarni857@example.com,2023-09-12,USA,39.0,Silver
CUST00858,Dev Gupta,dev.gupta858@example.com,2022-03-03,USA,40.0,Gold
CUST00859,Vikram Iyer,vikram.iyer859@example.com,2025-10-30,Germany,16.0,Gold
CUST00860,Rahul Kapoor,rahul.kapoor860@mail.com,2021-04-06,Australia,42.0,Gold
CUST00861,Om Deshmukh,om.deshmukh861@example.com,2019-06-11,France,23.0,Silver
CUST00862,Kabir Bose,kabir.bose862@example.com,2022-09-16,Germany,17.0,Bronze
CUST00863,Arjun Patel,arjun.patel863@example.com,2020-03-28,Japan,34.0,Silver
CUST00864,Diya Patel,diya.patel864@example.com,2024-09-26,USA,36.0,Gold
CUST00865,Ananya Nair,ananya.nair865@mail.com,2021-08-04,Singapore,26.0,Platinum
CUST00866,Om Nair,om.nair866@example.com,2024-03-16,India,44.0,Bronze
CUST00867,  ISHAAN VERMA  ,ishaan.verma867@example.com,2022-04-05,Australia,18.0,Gold
CUST00868,Priya Rao,priya.rao868@example.com,2020-04-19,USA,30.0,Gold
CUST00869,Tanvi Verma,tanvi.verma869@example.com,2019-02-09,UK,27.0,Silver
CUST00870,Ishaan Mehta,ishaan.mehta870@mail.com,2023-01-04,Singapore,34.0,Platinum
CUST00871,Neha Patel,neha.patel871@example.com,2023-03-07,Australia,38.0,Bronze
CUST00872,Sana Singh,sana.singh872@example.com,2024-02-13,Canada,22.0,Gold
CUST00873,Kavya Bose,kavya.bose873@example.com,2023-09-24,UK,43.0,Bronze
CUST00874,kavya verma,kavya.verma874@example.com,2020-10-14,USA,35.0,Silver
CUST00875,Aisha Bose,aisha.bose875@mail.com,2025-05-19,Singapore,16.0,Bronze
CUST00876,Sana Chopra,sana.chopra876@example.com,2025-11-09,India,16.0,Gold
CUST00877,Tanvi Kulkarni,tanvi.kulkarni877@example.com,2024-06-01,Singapore,34.0,Bronze
CUST00878,Tara Pillai,tara.pillai878@example.com,2019-07-08,USA,32.0,Bronze
CUST00879,Priya Sharma,priya.sharma879@example.com,2024-11-19,Japan,33.0,Gold
CUST00880,Meera Mehta,meera.mehta880@mail.com,2024-10-27,France,34.0,Silver
CUST00881,Dev Gupta,dev.gupta881@example.com,2023-11-08,Germany,37.0,Silver
CUST00882,Arjun Singh,arjun.singh882@example.com,2020-08-31,France,46.0,Gold
CUST00883,Dev Verma,dev.verma883@example.com,2019-02-17,UK,21.0,Silver
CUST00884,  VIKRAM BOSE  ,vikram.bose884@example.com,2020-11-08,USA,20.0,Gold
CUST00885,Priya Reddy,priya.reddy885@mail.com,2022-09-17,Canada,21.0,Bronze
CUST00886,Meera Malhotra,meera.malhotra886@example.com,2023-03-31,UAE,38.0,Gold
CUST00887,Aditya Pillai,aditya.pillai887@example.com,2023-12-25,Japan,49.0,Silver
CUST00888,Simran Bose,simran.bose888@example.com,2024-01-06,Australia,29.0,Bronze
CUST00889,Vikram Sharma,vikram.sharma889@example.com,2020-02-25,UAE,16.0,Silver
CUST00890,Zara Malhotra,zara.malhotra890@mail.com,2019-01-01,USA,16.0,Gold
CUST00891,Dev Joshi,dev.joshi891@example.com,2024-09-13,France,25.0,Bronze
CUST00892,Arjun Pillai,arjun.pillai892@example.com,2022-10-28,Australia,28.0,Gold
CUST00893,Rahul Reddy,rahul.reddy893@example.com,2024-02-05,Australia,30.0,Silver
CUST00894,Dev Menon,dev.menon894@example.com,2024-04-21,Australia,35.0,Gold
CUST00895,Ananya Gupta,ananya.gupta895@mail.com,2021-06-27,India,31.0,Bronze
CUST00896,Rahul Joshi,rahul.joshi896@example.com,2025-02-21,France,47.0,Bronze
CUST00897,ananya verma,ananya.verma897@example.com,2020-11-03,Singapore,26.0,Bronze
CUST00898,Kavya Rao,kavya.rao898@example.com,2020-03-14,Canada,24.0,Silver
CUST00899,Kabir Gupta,kabir.gupta899@example.com,2023-05-29,Germany,40.0,Silver
CUST00900,Pooja Iyer,pooja.iyer900@mail.com,2022-10-16,USA,16.0,Gold
CUST00901,  VIVAAN SHAH  ,vivaan.shah901@example.com,2020-05-19,Singapore,39.0,Silver
CUST00902,Aisha Kapoor,aisha.kapoor902@example.com,2020-07-05,Singapore,36.0,Bronze
CUST00903,Manav Verma,manav.verma903@example.com,2025-03-16,UAE,33.0,Gold
CUST00904,Vikram Kapoor,vikram.kapoor904@example.com,2020-12-26,Japan,54.0,Bronze
CUST00905,Rahul Kulkarni,rahul.kulkarni905@mail.com,2020-02-29,UAE,27.0,Silver
CUST00906,Dev Mehta,dev.mehta906@example.com,2024-08-26,UAE,59.0,Silver
CUST00907,Dev Reddy,dev.reddy907@example.com,2022-01-25,UAE,32.0,Platinum
CUST00908,Om Pillai,om.pillai908@example.com,2020-06-30,UK,19.0,Silver
CUST00909,Kavya Kapoor,kavya.kapoor909@example.com,2022-05-09,France,35.0,Gold
CUST00910,Kavya Malhotra,kavya.malhotra910@mail.com,2021-06-09,Germany,22.0,Bronze
CUST00911,Kavya Joshi,kavya.joshi911@example.com,2022-11-15,UK,25.0,Platinum
CUST00912,Riya Deshmukh,riya.deshmukh912@example.com,2024-08-25,France,39.0,Silver
CUST00913,Priya Gupta,priya.gupta913@example.com,2022-12-13,France,41.0,Silver
CUST00914,Aisha Rao,aisha.rao914@example.com,2024-12-26,Canada,27.0,Gold
CUST00915,Tara Sharma,tara.sharma915@mail.com,2024-11-11,USA,46.0,Bronze
CUST00916,Diya Verma,diya.verma916@example.com,2019-08-20,Germany,48.0,Bronze
CUST00917,Pooja Deshmukh,,2022-03-19,,,
CUST00918,  VIVAAN JOSHI  ,vivaan.joshi918@example.com,2021-04-15,France,41.0,Bronze
CUST00919,Rahul Pillai,rahul.pillai919@example.com,2020-02-24,Japan,51.0,Gold
CUST00920,manav malhotra,manav.malhotra920@mail.com,2021-07-07,France,16.0,Bronze
CUST00921,Yash Joshi,yash.joshi921@example.com,2019-07-12,UAE,31.0,Bronze
CUST00922,Pooja Mehta,pooja.mehta922@example.com,2025-03-11,India,24.0,Bronze
CUST00923,Neha Iyer,neha.iyer923@example.com,2025-12-16,Singapore,36.0,Gold
CUST00924,Varun Chopra,varun.chopra924@example.com,2025-08-07,France,28.0,Gold
CUST00925,Kabir Iyer,kabir.iyer925@mail.com,2022-04-19,Singapore,33.0,Bronze
CUST00926,Arjun Patel,arjun.patel926@example.com,2021-02-04,UK,57.0,Gold
CUST00927,Ananya Singh,ananya.singh927@example.com,2019-06-16,UAE,32.0,Bronze
CUST00928,Neha Kulkarni,neha.kulkarni928@example.com,2020-10-21,Japan,39.0,Gold
CUST00929,Aarav Mehta,aarav.mehta929@example.com,2024-03-25,UK,32.0,Bronze
CUST00930,Varun Mehta,varun.mehta930@mail.com,2025-09-10,India,35.0,Gold
CUST00931,Riya Menon,riya.menon931@example.com,2022-05-18,Singapore,35.0,Gold
CUST00932,Zara Chopra,zara.chopra932@example.com,2019-10-26,Australia,40.0,Silver
CUST00933,Ishaan Kapoor,ishaan.kapoor933@example.com,2019-10-07,France,48.0,Bronze
CUST00934,Zara Malhotra,zara.malhotra934@example.com,2023-07-11,USA,54.0,Bronze
CUST00935,  TANVI IYER  ,tanvi.iyer935@mail.com,2022-09-21,Australia,38.0,Bronze
CUST00936,Kabir Menon,kabir.menon936@example.com,2024-12-12,Singapore,42.0,Platinum
CUST00937,Rahul Sharma,rahul.sharma937@example.com,2020-04-14,Australia,21.0,Silver
CUST00938,Tanvi Menon,tanvi.menon938@example.com,2025-12-19,Germany,33.0,Platinum
CUST00939,Arjun Mehta,arjun.mehta939@example.com,2023-04-12,USA,46.0,Bronze
CUST00940,Zara Joshi,zara.joshi940@mail.com,2019-04-12,France,45.0,Gold
CUST00941,Rohan Kapoor,rohan.kapoor941@example.com,2024-09-14,Singapore,37.0,Silver
CUST00942,Om Iyer,om.iyer942@example.com,2022-08-05,France,45.0,Bronze
CUST00943,ananya deshmukh,ananya.deshmukh943@example.com,2025-01-12,France,40.0,Bronze
CUST00944,Aditya Iyer,aditya.iyer944@example.com,2021-05-23,UAE,49.0,Gold
CUST00945,Kabir Malhotra,kabir.malhotra945@mail.com,2023-11-18,USA,38.0,Gold
CUST00946,Diya Sharma,diya.sharma946@example.com,2024-02-24,Australia,30.0,Bronze
CUST00947,Aditya Verma,aditya.verma947@example.com,2020-12-30,Canada,39.0,Silver
CUST00948,Aisha Reddy,aisha.reddy948@example.com,2021-11-25,UAE,16.0,Bronze
CUST00949,Riya Singh,riya.singh949@example.com,2023-11-09,Australia,39.0,Bronze
CUST00950,Arjun Gupta,arjun.gupta950@mail.com,2024-12-30,India,16.0,Silver
CUST00951,Dev Patel,dev.patel951@example.com,2025-07-26,India,16.0,Gold
CUST00952,  ADITYA CHOPRA  ,aditya.chopra952@example.com,2024-08-21,USA,40.0,Bronze
CUST00953,Arjun Joshi,arjun.joshi953@example.com,2025-10-20,USA,40.0,Bronze
CUST00954,Varun Pillai,varun.pillai954@example.com,2023-04-12,UAE,21.0,Gold
CUST00955,Aarav Bose,aarav.bose955@mail.com,2020-10-02,France,26.0,Bronze
CUST00956,Manav Singh,manav.singh956@example.com,2025-02-13,Canada,51.0,Platinum
CUST00957,Diya Joshi,diya.joshi957@example.com,2023-03-09,India,29.0,Silver
CUST00958,Zara Kulkarni,zara.kulkarni958@example.com,2020-05-19,India,61.0,Bronze
CUST00959,Dev Singh,dev.singh959@example.com,2025-01-09,France,34.0,Platinum
CUST00960,Om Iyer,om.iyer960@mail.com,2022-11-09,Germany,39.0,Silver
CUST00961,Riya Kapoor,riya.kapoor961@example.com,2020-08-06,UK,54.0,Bronze
CUST00962,Dev Nair,dev.nair962@example.com,2021-03-06,USA,36.0,Bronze
CUST00963,Pooja Shah,pooja.shah963@example.com,2019-08-11,France,22.0,Silver
CUST00964,Zara Patel,zara.patel964@example.com,2022-04-05,USA,33.0,Bronze
CUST00965,Kabir Shah,kabir.shah965@mail.com,2024-06-18,Australia,34.0,Bronze
CUST00966,arjun reddy,arjun.reddy966@example.com,2020-02-14,Canada,18.0,Silver
CUST00967,Tanvi Iyer,tanvi.iyer967@example.com,2022-07-25,Singapore,31.0,Silver
CUST00968,Dev Joshi,dev.joshi968@example.com,2025-07-20,UK,26.0,Silver
CUST00969,  ROHAN MEHTA  ,rohan.mehta969@example.com,2023-10-21,UK,46.0,Bronze
CUST00970,Meera Reddy,meera.reddy970@mail.com,2023-11-22,Canada,35.0,Gold
CUST00971,Diya Mehta,diya.mehta971@example.com,2024-05-19,Singapore,31.0,Silver
CUST00972,Nisha Joshi,nisha.joshi972@example.com,2024-06-17,France,33.0,Bronze
CUST00973,Riya Menon,riya.menon973@example.com,2019-12-02,Canada,37.0,Gold
CUST00974,Diya Malhotra,diya.malhotra974@example.com,2021-03-15,Canada,42.0,Gold
CUST00975,Riya Patel,riya.patel975@mail.com,2019-11-05,India,23.0,Gold
CUST00976,Riya Sharma,riya.sharma976@example.com,2025-07-11,Japan,22.0,Silver
CUST00977,Aisha Iyer,aisha.iyer977@example.com,2019-05-31,France,48.0,Bronze
CUST00978,Tanvi Malhotra,tanvi.malhotra978@example.com,2024-04-17,UK,30.0,Bronze
CUST00979,Meera Shah,meera.shah979@example.com,2022-04-06,UK,17.0,Silver
CUST00980,Yash Patel,yash.patel980@mail.com,2023-06-14,Australia,40.0,Silver
CUST00981,Arjun Reddy,arjun.reddy981@example.com,2025-11-20,UK,40.0,Gold
CUST00982,Diya Pillai,diya.pillai982@example.com,2020-10-14,UK,16.0,Silver
CUST00983,Aisha Kulkarni,aisha.kulkarni983@example.com,2024-06-03,Australia,37.0,Bronze
CUST00984,Nisha Bose,nisha.bose984@example.com,2021-08-07,USA,43.0,Bronze
CUST00985,Meera Verma,meera.verma985@mail.com,2021-04-26,France,39.0,Platinum
CUST00986,  ROHAN SINGH  ,rohan.singh986@example.com,2024-04-07,Singapore,42.0,Gold
CUST00987,Vivaan Mehta,vivaan.mehta987@example.com,2020-02-27,France,18.0,Silver
CUST00988,Neha Nair,neha.nair988@example.com,2025-06-28,France,38.0,Silver
CUST00989,sana singh,sana.singh989@example.com,2023-02-05,Japan,31.0,Silver
CUST00990,Rahul Patel,rahul.patel990@mail.com,2024-10-17,Canada,29.0,Bronze
CUST00991,Varun Reddy,varun.reddy991@example.com,2024-10-16,UAE,45.0,Bronze
CUST00992,Simran Chopra,simran.chopra992@example.com,2024-06-17,Singapore,52.0,Gold
CUST00993,Aarav Kapoor,aarav.kapoor993@example.com,2020-07-23,Singapore,56.0,Bronze
CUST00994,Aditya Kapoor,aditya.kapoor994@example.com,2022-02-24,Germany,50.0,Bronze
CUST00995,Ishaan Chopra,ishaan.chopra995@mail.com,2025-10-01,USA,33.0,Silver
CUST00996,Tara Mehta,tara.mehta996@example.com,2020-04-09,Singapore,39.0,Silver
CUST00997,Vikram Iyer,vikram.iyer997@example.com,2025-08-16,UK,44.0,Silver
CUST00998,Tara Sharma,tara.sharma998@example.com,2021-09-25,India,36.0,Bronze
CUST00999,Aisha Deshmukh,aisha.deshmukh999@example.com,2020-07-05,France,36.0,Bronze
CUST01000,Aisha Kulkarni,aisha.kulkarni1000@mail.com,2019-08-18,UK,44.0,Bronze
CUST01001,Ishaan Kapoor,ishaan.kapoor1001@example.com,2023-07-19,Japan,34.0,Platinum
CUST01002,Riya Sharma,riya.sharma1002@example.com,2022-03-07,USA,26.0,Bronze
CUST01003,  DEV BOSE  ,dev.bose1003@example.com,2024-05-26,UK,30.0,Bronze
CUST01004,Tara Menon,tara.menon1004@example.com,2020-08-07,Japan,42.0,Gold
CUST01005,Ishaan Menon,ishaan.menon1005@mail.com,2024-09-23,Canada,35.0,Bronze
CUST01006,Arjun Mehta,arjun.mehta1006@example.com,2024-02-01,Japan,39.0,Silver
CUST01007,Meera Singh,,2023-04-28,,,
CUST01008,Kabir Kapoor,kabir.kapoor1008@example.com,2024-08-27,UAE,30.0,Gold
CUST01009,Dev Gupta,dev.gupta1009@example.com,2020-12-27,Singapore,44.0,Platinum
CUST01010,Dev Verma,dev.verma1010@mail.com,2024-12-16,France,39.0,Gold
CUST01011,Aditya Bose,aditya.bose1011@example.com,2020-06-17,Japan,20.0,Silver
CUST01012,aarav rao,aarav.rao1012@example.com,2024-11-08,UAE,52.0,Bronze
CUST01013,Vivaan Kapoor,vivaan.kapoor1013@example.com,2023-10-24,Germany,28.0,Platinum
CUST01014,Vikram Singh,vikram.singh1014@example.com,2022-12-06,Japan,16.0,Gold
CUST01015,Varun Shah,varun.shah1015@mail.com,2020-02-05,UAE,22.0,Bronze
CUST01016,Vikram Reddy,vikram.reddy1016@example.com,2019-12-10,Canada,22.0,Silver
CUST01017,Zara Rao,zara.rao1017@example.com,2021-11-21,Germany,35.0,Bronze
CUST01018,Manav Sharma,manav.sharma1018@example.com,2025-06-25,France,31.0,Bronze
CUST01019,Aarav Singh,aarav.singh1019@example.com,2021-04-21,Australia,30.0,Silver
CUST01020,  ANANYA KULKARNI  ,ananya.kulkarni1020@mail.com,2023-10-12,Japan,42.0,Bronze
CUST01021,Simran Malhotra,simran.malhotra1021@example.com,2023-10-01,Japan,39.0,Bronze
CUST01022,Neha Singh,neha.singh1022@example.com,2021-04-14,UAE,38.0,Silver
CUST01023,Zara Bose,zara.bose1023@example.com,2021-01-02,Australia,39.0,Silver
CUST01024,Vikram Nair,vikram.nair1024@example.com,2022-06-10,Japan,42.0,Bronze
CUST01025,Kavya Singh,kavya.singh1025@mail.com,2020-07-19,USA,16.0,Gold
CUST01026,Uday Deshmukh,uday.deshmukh1026@example.com,2020-02-15,Germany,30.0,Silver
CUST01027,Pooja Mehta,pooja.mehta1027@example.com,2025-03-05,Japan,16.0,Silver
CUST01028,Kavya Verma,kavya.verma1028@example.com,2020-10-20,UAE,35.0,Platinum
CUST01029,Aarav Patel,aarav.patel1029@example.com,2020-08-18,Singapore,34.0,Platinum
CUST01030,Tara Patel,tara.patel1030@mail.com,2019-09-20,Canada,47.0,Bronze
CUST01031,Aditya Menon,aditya.menon1031@example.com,2019-06-04,UAE,49.0,Platinum
CUST01032,Sana Menon,sana.menon1032@example.com,2024-11-04,Canada,37.0,Gold
CUST01033,Dev Verma,dev.verma1033@example.com,2020-12-18,Singapore,28.0,Silver
CUST01034,Kabir Kapoor,,2022-03-17,,,
CUST01035,dev kapoor,dev.kapoor1035@mail.com,2024-10-13,Germany,28.0,Silver
CUST01036,Arjun Verma,arjun.verma1036@example.com,2023-01-13,Germany,34.0,Silver
CUST01037,  ISHAAN PATEL  ,ishaan.patel1037@example.com,2022-02-04,UAE,46.0,Bronze
CUST01038,Sana Singh,sana.singh1038@example.com,2025-07-28,Germany,28.0,Silver
CUST01039,Manav Patel,manav.patel1039@example.com,2020-01-05,France,44.0,Bronze
CUST01040,Rahul Malhotra,rahul.malhotra1040@mail.com,2025-07-15,Australia,43.0,Bronze
CUST01041,Rahul Nair,rahul.nair1041@example.com,2021-07-15,Japan,23.0,Platinum
CUST01042,Uday Singh,uday.singh1042@example.com,2025-06-12,India,46.0,Bronze
CUST01043,Tara Kapoor,tara.kapoor1043@example.com,2020-03-12,France,43.0,Bronze
CUST01044,Om Mehta,,2020-04-24,,,
CUST01045,Tanvi Malhotra,tanvi.malhotra1045@mail.com,2025-06-12,Canada,25.0,Silver
CUST01046,Sana Shah,sana.shah1046@example.com,2024-06-03,Germany,24.0,Gold
CUST01047,Nisha Pillai,nisha.pillai1047@example.com,2024-03-02,Japan,28.0,Gold
CUST01048,Vikram Gupta,vikram.gupta1048@example.com,2021-11-22,USA,41.0,Bronze
CUST01049,Pooja Reddy,pooja.reddy1049@example.com,2021-07-30,Australia,23.0,Silver
CUST01050,Rohan Kapoor,rohan.kapoor1050@mail.com,2025-01-03,India,40.0,Gold
CUST01051,Neha Reddy,neha.reddy1051@example.com,2022-03-22,USA,20.0,Bronze
CUST01052,Manav Mehta,manav.mehta1052@example.com,2019-11-08,France,32.0,Platinum
CUST01053,Vikram Mehta,vikram.mehta1053@example.com,2022-12-19,Germany,36.0,Gold
CUST01054,  NEHA DESHMUKH  ,neha.deshmukh1054@example.com,2021-02-17,Singapore,64.0,Gold
CUST01055,Meera Reddy,meera.reddy1055@mail.com,2021-12-23,Germany,18.0,Bronze
CUST01056,Rahul Reddy,rahul.reddy1056@example.com,2025-12-08,Australia,52.0,Bronze
CUST01057,Ananya Gupta,ananya.gupta1057@example.com,2019-11-18,Singapore,36.0,Silver
CUST01058,nisha malhotra,nisha.malhotra1058@example.com,2019-06-23,Singapore,39.0,Bronze
CUST01059,Priya Bose,priya.bose1059@example.com,2025-06-11,Canada,36.0,Silver
CUST01060,Nisha Kapoor,nisha.kapoor1060@mail.com,2022-02-21,UAE,40.0,Bronze
CUST01061,Aisha Kulkarni,aisha.kulkarni1061@example.com,2019-08-10,France,33.0,Gold
CUST01062,Vikram Malhotra,vikram.malhotra1062@example.com,2019-05-14,France,52.0,Bronze
CUST01063,Simran Deshmukh,simran.deshmukh1063@example.com,2024-02-16,USA,29.0,Silver
CUST01064,Uday Mehta,uday.mehta1064@example.com,2019-02-04,India,48.0,Silver
CUST01065,Sana Shah,sana.shah1065@mail.com,2020-02-17,Australia,27.0,Bronze
CUST01066,Simran Nair,simran.nair1066@example.com,2021-02-05,France,34.0,Bronze
CUST01067,Neha Bose,neha.bose1067@example.com,2025-11-16,Australia,22.0,Bronze
CUST01068,Vikram Rao,vikram.rao1068@example.com,2021-05-12,UAE,40.0,Gold
CUST01069,Rohan Chopra,rohan.chopra1069@example.com,2023-06-29,Canada,52.0,Silver
CUST01070,Aisha Kulkarni,aisha.kulkarni1070@mail.com,2025-06-16,Germany,34.0,Gold
CUST01071,  MANAV NAIR  ,,2021-08-23,,,
CUST01072,Sana Iyer,sana.iyer1072@example.com,2020-08-20,UK,21.0,Silver
CUST01073,Aarav Deshmukh,aarav.deshmukh1073@example.com,2023-09-23,Singapore,32.0,Bronze
CUST01074,Tanvi Kapoor,tanvi.kapoor1074@example.com,2024-12-27,Australia,16.0,Gold
CUST01075,Om Nair,om.nair1075@mail.com,2025-04-21,Japan,24.0,Bronze
CUST01076,Ananya Deshmukh,ananya.deshmukh1076@example.com,2019-09-03,Germany,37.0,Gold
CUST01077,Vikram Gupta,vikram.gupta1077@example.com,2024-01-17,Australia,50.0,Bronze
CUST01078,Rohan Malhotra,rohan.malhotra1078@example.com,2025-04-02,Canada,68.0,Bronze
CUST01079,Tara Gupta,tara.gupta1079@example.com,2022-12-09,Japan,27.0,Bronze
CUST01080,Aisha Malhotra,aisha.malhotra1080@mail.com,2020-12-15,Canada,52.0,Bronze
CUST01081,arjun kapoor,arjun.kapoor1081@example.com,2024-06-19,Singapore,37.0,Gold
CUST01082,Sana Menon,sana.menon1082@example.com,2022-03-19,Singapore,33.0,Silver
CUST01083,Diya Deshmukh,diya.deshmukh1083@example.com,2022-10-13,UAE,40.0,Silver
CUST01084,Aisha Singh,,2019-10-20,,,
CUST01085,Meera Mehta,meera.mehta1085@mail.com,2022-07-21,Canada,36.0,Gold
CUST01086,Dev Singh,dev.singh1086@example.com,2022-01-16,Singapore,30.0,Gold
CUST01087,Rohan Shah,rohan.shah1087@example.com,2024-11-03,Singapore,18.0,Silver
CUST01088,  ISHAAN SHARMA  ,ishaan.sharma1088@example.com,2020-05-27,Germany,16.0,Silver
CUST01089,Manav Patel,manav.patel1089@example.com,2021-05-12,UK,42.0,Bronze
CUST01090,Ananya Patel,ananya.patel1090@mail.com,2024-04-22,France,31.0,Bronze
CUST01091,Nisha Singh,nisha.singh1091@example.com,2024-11-16,USA,27.0,Bronze
CUST01092,Dev Kulkarni,dev.kulkarni1092@example.com,2019-12-12,UAE,35.0,Bronze
CUST01093,Meera Joshi,,2023-12-21,,,
CUST01094,Rahul Deshmukh,rahul.deshmukh1094@example.com,2019-04-28,India,37.0,Silver
CUST01095,Simran Mehta,simran.mehta1095@mail.com,2024-05-04,Singapore,27.0,Platinum
CUST01096,Zara Nair,zara.nair1096@example.com,2025-02-24,Singapore,49.0,Bronze
CUST01097,Kavya Malhotra,kavya.malhotra1097@example.com,2020-12-26,Japan,53.0,Silver
CUST01098,Riya Shah,riya.shah1098@example.com,2023-11-17,France,40.0,Silver
CUST01099,Zara Joshi,zara.joshi1099@example.com,2022-11-23,Singapore,46.0,Silver
CUST01100,Pooja Patel,pooja.patel1100@mail.com,2023-12-15,Canada,49.0,Bronze
CUST01101,Neha Kulkarni,neha.kulkarni1101@example.com,2022-05-28,India,48.0,Bronze
CUST01102,Rahul Kulkarni,rahul.kulkarni1102@example.com,2022-11-09,Canada,42.0,Silver
CUST01103,Aarav Bose,aarav.bose1103@example.com,2024-05-08,Canada,42.0,Bronze
CUST01104,tara joshi,tara.joshi1104@example.com,2025-09-11,Germany,41.0,Gold
CUST01105,  ZARA CHOPRA  ,zara.chopra1105@mail.com,2021-02-11,UAE,21.0,Gold
CUST01106,Tara Singh,tara.singh1106@example.com,2021-10-20,UK,43.0,Gold
CUST01107,Riya Singh,riya.singh1107@example.com,2023-03-30,Germany,18.0,Bronze
CUST01108,Tara Reddy,tara.reddy1108@example.com,2024-10-17,Japan,25.0,Gold
CUST01109,Arjun Nair,arjun.nair1109@example.com,2022-03-12,France,50.0,Gold
CUST01110,Tara Iyer,tara.iyer1110@mail.com,2019-10-08,UK,45.0,Bronze
CUST01111,Ananya Pillai,ananya.pillai1111@example.com,2025-12-05,Singapore,52.0,Bronze
CUST01112,Dev Bose,dev.bose1112@example.com,2021-02-08,Australia,31.0,Bronze
CUST01113,Vivaan Malhotra,vivaan.malhotra1113@example.com,2019-04-01,UK,21.0,Platinum
CUST01114,Om Nair,om.nair1114@example.com,2020-05-27,Singapore,32.0,Gold
CUST01115,Meera Patel,meera.patel1115@mail.com,2020-09-09,India,36.0,Silver
CUST01116,Priya Rao,priya.rao1116@example.com,2022-06-30,Singapore,35.0,Platinum
CUST01117,Uday Verma,uday.verma1117@example.com,2022-09-14,USA,48.0,Gold
CUST01118,Diya Verma,diya.verma1118@example.com,2021-12-27,UAE,30.0,Bronze
CUST01119,Vikram Deshmukh,vikram.deshmukh1119@example.com,2021-02-26,Canada,39.0,Gold
CUST01120,Rahul Sharma,rahul.sharma1120@mail.com,2020-05-14,Germany,23.0,Bronze
CUST01121,Uday Reddy,uday.reddy1121@example.com,2019-05-18,Germany,40.0,Silver
CUST01122,  NISHA GUPTA  ,nisha.gupta1122@example.com,2024-11-04,Germany,35.0,Silver
CUST01123,Arjun Joshi,arjun.joshi1123@example.com,2022-08-16,UK,26.0,Silver
CUST01124,Vivaan Malhotra,vivaan.malhotra1124@example.com,2024-11-03,USA,32.0,Bronze
CUST01125,Riya Joshi,riya.joshi1125@mail.com,2021-03-24,Australia,32.0,Gold
CUST01126,Simran Iyer,simran.iyer1126@example.com,2020-04-07,Germany,31.0,Silver
CUST01127,priya sharma,priya.sharma1127@example.com,2020-11-16,Canada,56.0,Silver
CUST01128,Sana Reddy,sana.reddy1128@example.com,2019-02-06,India,33.0,Silver
CUST01129,Kavya Bose,kavya.bose1129@example.com,2025-09-08,UK,32.0,Bronze
CUST01130,Aditya Reddy,aditya.reddy1130@mail.com,2020-10-07,Singapore,16.0,Bronze
CUST01131,Dev Mehta,dev.mehta1131@example.com,2019-09-03,India,24.0,Bronze
CUST01132,Diya Malhotra,diya.malhotra1132@example.com,2020-03-15,UK,31.0,Silver
CUST01133,Priya Malhotra,priya.malhotra1133@example.com,2022-11-23,Singapore,26.0,Gold
CUST01134,Aarav Singh,aarav.singh1134@example.com,2023-01-07,UK,51.0,Bronze
CUST01135,Vivaan Bose,vivaan.bose1135@mail.com,2023-11-28,France,33.0,Bronze
CUST01136,Kavya Bose,kavya.bose1136@example.com,2021-02-16,Japan,50.0,Bronze
CUST01137,Rohan Mehta,rohan.mehta1137@example.com,2024-04-02,Canada,35.0,Gold
CUST01138,Dev Malhotra,dev.malhotra1138@example.com,2020-10-18,USA,35.0,Silver
CUST01139,  UDAY JOSHI  ,uday.joshi1139@example.com,2021-12-14,France,33.0,Bronze
CUST01140,Aarav Kapoor,aarav.kapoor1140@mail.com,2023-04-02,UK,35.0,Gold
CUST01141,Dev Chopra,dev.chopra1141@example.com,2025-12-15,Germany,55.0,Bronze
CUST01142,Aditya Malhotra,aditya.malhotra1142@example.com,2023-05-07,Germany,16.0,Silver
CUST01143,Vikram Malhotra,vikram.malhotra1143@example.com,2020-09-23,Japan,16.0,Bronze
CUST01144,Tara Mehta,tara.mehta1144@example.com,2020-03-28,USA,28.0,Silver
CUST01145,Aditya Verma,aditya.verma1145@mail.com,2020-06-15,UK,35.0,Gold
CUST01146,Kabir Gupta,kabir.gupta1146@example.com,2024-06-11,Germany,43.0,Bronze
CUST01147,Aisha Singh,,2024-06-29,,,
CUST01148,Aisha Nair,aisha.nair1148@example.com,2019-07-21,Australia,30.0,Bronze
CUST01149,Kavya Patel,kavya.patel1149@example.com,2019-02-23,Germany,47.0,Silver
CUST01150,varun patel,varun.patel1150@mail.com,2024-04-01,India,47.0,Bronze
CUST01151,Manav Rao,manav.rao1151@example.com,2023-02-20,India,37.0,Gold
CUST01152,Neha Kapoor,neha.kapoor1152@example.com,2019-06-16,USA,46.0,Gold
CUST01153,Aditya Iyer,aditya.iyer1153@example.com,2024-10-28,USA,38.0,Bronze
CUST01154,Meera Malhotra,meera.malhotra1154@example.com,2023-04-28,Germany,28.0,Bronze
CUST01155,Arjun Reddy,,2025-05-23,,,
CUST01156,  ZARA RAO  ,zara.rao1156@example.com,2020-03-08,Japan,36.0,Bronze
CUST01157,Uday Rao,uday.rao1157@example.com,2020-03-02,UK,35.0,Gold
CUST01158,Zara Singh,zara.singh1158@example.com,2024-08-29,Australia,52.0,Silver
CUST01159,Zara Menon,zara.menon1159@example.com,2023-12-20,Australia,16.0,Platinum
CUST01160,Zara Mehta,,2023-03-03,,,
CUST01161,Tara Mehta,tara.mehta1161@example.com,2025-10-28,Germany,20.0,Silver
CUST01162,Kabir Singh,kabir.singh1162@example.com,2025-03-03,Canada,30.0,Bronze
CUST01163,Uday Pillai,uday.pillai1163@example.com,2023-06-15,India,31.0,Gold
CUST01164,Om Menon,om.menon1164@example.com,2019-03-08,France,16.0,Bronze
CUST01165,Tanvi Joshi,tanvi.joshi1165@mail.com,2019-01-27,Canada,23.0,Platinum
CUST01166,Kabir Mehta,kabir.mehta1166@example.com,2019-03-30,Canada,24.0,Platinum
CUST01167,Yash Malhotra,yash.malhotra1167@example.com,2025-05-26,Japan,64.0,Bronze
CUST01168,Vivaan Pillai,vivaan.pillai1168@example.com,2022-12-27,UK,56.0,Bronze
CUST01169,Rohan Shah,rohan.shah1169@example.com,2021-10-20,Germany,30.0,Bronze
CUST01170,Om Patel,om.patel1170@mail.com,2025-05-25,UAE,30.0,Silver
CUST01171,Kabir Patel,kabir.patel1171@example.com,2022-08-22,Singapore,21.0,Bronze
CUST01172,Rahul Shah,rahul.shah1172@example.com,2020-01-26,Japan,16.0,Silver
CUST01173,  VIVAAN SHAH  ,vivaan.shah1173@example.com,2023-04-12,USA,33.0,Gold
CUST01174,Varun Mehta,varun.mehta1174@example.com,2022-11-26,UAE,23.0,Silver
CUST01175,Simran Gupta,simran.gupta1175@mail.com,2021-07-17,Japan,33.0,Platinum
CUST01176,Riya Singh,riya.singh1176@example.com,2019-08-10,Canada,16.0,Silver
CUST01177,Priya Malhotra,priya.malhotra1177@example.com,2025-05-02,UK,25.0,Bronze
CUST01178,Kavya Reddy,kavya.reddy1178@example.com,2020-09-19,India,36.0,Silver
CUST01179,Sana Pillai,sana.pillai1179@example.com,2025-09-03,Japan,39.0,Silver
CUST01180,Meera Rao,meera.rao1180@mail.com,2022-04-01,UAE,40.0,Bronze
CUST01181,Priya Patel,priya.patel1181@example.com,2024-05-03,Japan,19.0,Gold
CUST01182,Zara Singh,zara.singh1182@example.com,2021-12-11,USA,45.0,Bronze
CUST01183,Tara Kulkarni,tara.kulkarni1183@example.com,2020-07-06,Singapore,25.0,Silver
CUST01184,Vikram Singh,vikram.singh1184@example.com,2025-05-29,Germany,42.0,Silver
CUST01185,Manav Kapoor,manav.kapoor1185@mail.com,2021-10-05,Germany,34.0,Bronze
CUST01186,Nisha Rao,nisha.rao1186@example.com,2022-08-17,Japan,18.0,Bronze
CUST01187,Arjun Rao,arjun.rao1187@example.com,2023-10-01,Australia,31.0,Bronze
CUST01188,Priya Chopra,priya.chopra1188@example.com,2025-08-29,India,39.0,Gold
CUST01189,Ishaan Chopra,ishaan.chopra1189@example.com,2025-11-29,Singapore,42.0,Silver
CUST01190,  UDAY VERMA  ,uday.verma1190@mail.com,2021-08-14,Germany,33.0,Silver
CUST01191,Diya Patel,diya.patel1191@example.com,2020-04-05,India,53.0,Bronze
CUST01192,Dev Kulkarni,dev.kulkarni1192@example.com,2022-03-24,India,47.0,Bronze
CUST01193,Pooja Gupta,pooja.gupta1193@example.com,2022-06-03,Singapore,31.0,Silver
CUST01194,Priya Iyer,priya.iyer1194@example.com,2025-01-12,Germany,44.0,Bronze
CUST01195,Yash Nair,yash.nair1195@mail.com,2025-02-25,Singapore,58.0,Silver
CUST01196,diya sharma,diya.sharma1196@example.com,2023-03-23,Japan,58.0,Platinum
CUST01197,Yash Verma,yash.verma1197@example.com,2021-11-12,UK,20.0,Bronze
CUST01198,Kabir Menon,kabir.menon1198@example.com,2022-01-16,India,23.0,Silver
CUST01199,Aarav Patel,aarav.patel1199@example.com,2023-05-11,Canada,52.0,Silver
CUST01200,Varun Chopra,varun.chopra1200@mail.com,2020-03-17,India,22.0,Bronze
CUST01050,Rohan Kapoor,rohan.kapoor1050@mail.com,2025-01-03,India,40.0,Gold
CUST00477,Arjun Kapoor,arjun.kapoor477@example.com,2022-06-27,USA,47.0,Silver
CUST00062,Aisha Reddy,aisha.reddy62@example.com,2025-06-29,Japan,30.0,Bronze
CUST00911,Kavya Joshi,kavya.joshi911@example.com,2022-11-15,UK,25.0,Platinum
CUST00069,rohan joshi,rohan.joshi69@example.com,2020-10-08,Singapore,45.0,Gold
CUST01198,Kabir Menon,kabir.menon1198@example.com,2022-01-16,India,23.0,Silver
CUST00684,Neha Gupta,,2025-06-08,,,
CUST01027,Pooja Mehta,pooja.mehta1027@example.com,2025-03-05,Japan,16.0,Silver
CUST00742,Aarav Kapoor,aarav.kapoor742@example.com,2024-05-11,India,49.0,Bronze
CUST00908,Om Pillai,om.pillai908@example.com,2020-06-30,UK,19.0,Silver
CUST00103,Uday Iyer,uday.iyer103@example.com,2024-09-24,Singapore,30.0,Gold
CUST00274,Aditya Rao,aditya.rao274@example.com,2020-01-31,Australia,60.0,Gold
CUST00884,  VIKRAM BOSE  ,vikram.bose884@example.com,2020-11-08,USA,20.0,Gold
CUST00934,Zara Malhotra,zara.malhotra934@example.com,2023-07-11,USA,54.0,Bronze
CUST00771,Aarav Iyer,aarav.iyer771@example.com,2020-11-30,Canada,55.0,Platinum
